alternative_id,dataset_id,source_dataset,g1,g2,g3,g4,source_y,class_index,class_label
toc_uco_oc05_lev_1,toc_uco_oc05_lev,oc05_lev,0.0,0.5,0.0,0.25,0,1,Cl1
toc_uco_oc05_lev_2,toc_uco_oc05_lev,oc05_lev,0.25,0.0,0.75,0.25,0,1,Cl1
toc_uco_oc05_lev_3,toc_uco_oc05_lev,oc05_lev,0.5,1.0,0.75,0.5,0,1,Cl1
toc_uco_oc05_lev_4,toc_uco_oc05_lev,oc05_lev,0.25,0.0,0.25,0.25,0,1,Cl1
toc_uco_oc05_lev_5,toc_uco_oc05_lev,oc05_lev,0.25,0.0,0.25,0.25,0,1,Cl1
toc_uco_oc05_lev_6,toc_uco_oc05_lev,oc05_lev,0.0,0.0,0.75,0.0,0,1,Cl1
toc_uco_oc05_lev_7,toc_uco_oc05_lev,oc05_lev,0.25,0.0,0.5,0.5,0,1,Cl1
toc_uco_oc05_lev_8,toc_uco_oc05_lev,oc05_lev,0.0,0.0,0.75,0.0,0,1,Cl1
toc_uco_oc05_lev_9,toc_uco_oc05_lev,oc05_lev,0.0,0.25,1.0,0.75,0,1,Cl1
toc_uco_oc05_lev_10,toc_uco_oc05_lev,oc05_lev,0.25,0.0,0.75,0.25,0,1,Cl1
toc_uco_oc05_lev_11,toc_uco_oc05_lev,oc05_lev,0.25,0.25,1.0,0.25,0,1,Cl1
toc_uco_oc05_lev_12,toc_uco_oc05_lev,oc05_lev,1.0,0.0,0.0,0.5,0,1,Cl1
toc_uco_oc05_lev_13,toc_uco_oc05_lev,oc05_lev,0.0,0.75,0.75,0.0,0,1,Cl1
toc_uco_oc05_lev_14,toc_uco_oc05_lev,oc05_lev,0.25,0.0,0.75,0.25,0,1,Cl1
toc_uco_oc05_lev_15,toc_uco_oc05_lev,oc05_lev,0.0,0.0,0.75,0.0,0,1,Cl1
toc_uco_oc05_lev_16,toc_uco_oc05_lev,oc05_lev,0.25,0.0,0.75,0.25,0,1,Cl1
toc_uco_oc05_lev_17,toc_uco_oc05_lev,oc05_lev,1.0,0.0,1.0,0.25,0,1,Cl1
toc_uco_oc05_lev_18,toc_uco_oc05_lev,oc05_lev,0.0,0.25,0.25,0.0,0,1,Cl1
toc_uco_oc05_lev_19,toc_uco_oc05_lev,oc05_lev,0.0,0.5,0.25,0.75,0,1,Cl1
toc_uco_oc05_lev_20,toc_uco_oc05_lev,oc05_lev,0.0,0.0,0.75,0.0,0,1,Cl1
toc_uco_oc05_lev_21,toc_uco_oc05_lev,oc05_lev,0.25,0.0,0.25,0.25,0,1,Cl1
toc_uco_oc05_lev_22,toc_uco_oc05_lev,oc05_lev,0.0,0.25,0.5,0.5,0,1,Cl1
toc_uco_oc05_lev_23,toc_uco_oc05_lev,oc05_lev,0.25,0.0,0.25,0.75,0,1,Cl1
toc_uco_oc05_lev_24,toc_uco_oc05_lev,oc05_lev,0.0,0.5,1.0,1.0,0,1,Cl1
toc_uco_oc05_lev_25,toc_uco_oc05_lev,oc05_lev,0.0,0.0,0.75,0.0,0,1,Cl1
toc_uco_oc05_lev_26,toc_uco_oc05_lev,oc05_lev,0.0,0.0,0.75,0.0,0,1,Cl1
toc_uco_oc05_lev_27,toc_uco_oc05_lev,oc05_lev,0.25,0.0,0.5,0.0,0,1,Cl1
toc_uco_oc05_lev_28,toc_uco_oc05_lev,oc05_lev,0.5,0.0,0.0,0.0,0,1,Cl1
toc_uco_oc05_lev_29,toc_uco_oc05_lev,oc05_lev,0.25,0.0,0.5,0.5,0,1,Cl1
toc_uco_oc05_lev_30,toc_uco_oc05_lev,oc05_lev,0.0,0.0,1.0,0.0,0,1,Cl1
toc_uco_oc05_lev_31,toc_uco_oc05_lev,oc05_lev,0.0,0.0,1.0,0.0,0,1,Cl1
toc_uco_oc05_lev_32,toc_uco_oc05_lev,oc05_lev,0.5,0.0,0.75,1.0,0,1,Cl1
toc_uco_oc05_lev_33,toc_uco_oc05_lev,oc05_lev,0.0,0.25,0.25,0.0,0,1,Cl1
toc_uco_oc05_lev_34,toc_uco_oc05_lev,oc05_lev,0.0,0.0,0.75,0.0,0,1,Cl1
toc_uco_oc05_lev_35,toc_uco_oc05_lev,oc05_lev,0.0,0.25,0.25,0.0,0,1,Cl1
toc_uco_oc05_lev_36,toc_uco_oc05_lev,oc05_lev,0.0,0.0,1.0,0.0,0,1,Cl1
toc_uco_oc05_lev_37,toc_uco_oc05_lev,oc05_lev,0.0,0.5,0.0,0.0,0,1,Cl1
toc_uco_oc05_lev_38,toc_uco_oc05_lev,oc05_lev,0.0,0.0,0.25,1.0,0,1,Cl1
toc_uco_oc05_lev_39,toc_uco_oc05_lev,oc05_lev,0.75,0.25,0.25,0.0,0,1,Cl1
toc_uco_oc05_lev_40,toc_uco_oc05_lev,oc05_lev,0.0,0.25,0.25,0.0,0,1,Cl1
toc_uco_oc05_lev_41,toc_uco_oc05_lev,oc05_lev,0.0,0.0,0.25,1.0,0,1,Cl1
toc_uco_oc05_lev_42,toc_uco_oc05_lev,oc05_lev,0.0,0.0,0.75,0.0,0,1,Cl1
toc_uco_oc05_lev_43,toc_uco_oc05_lev,oc05_lev,0.5,0.5,0.0,1.0,0,1,Cl1
toc_uco_oc05_lev_44,toc_uco_oc05_lev,oc05_lev,0.0,0.0,1.0,0.0,0,1,Cl1
toc_uco_oc05_lev_45,toc_uco_oc05_lev,oc05_lev,0.5,0.0,0.0,0.0,0,1,Cl1
toc_uco_oc05_lev_46,toc_uco_oc05_lev,oc05_lev,0.0,0.75,1.0,0.0,0,1,Cl1
toc_uco_oc05_lev_47,toc_uco_oc05_lev,oc05_lev,1.0,0.0,1.0,0.25,0,1,Cl1
toc_uco_oc05_lev_48,toc_uco_oc05_lev,oc05_lev,0.0,0.0,0.75,0.0,0,1,Cl1
toc_uco_oc05_lev_49,toc_uco_oc05_lev,oc05_lev,0.5,0.0,0.0,0.0,0,1,Cl1
toc_uco_oc05_lev_50,toc_uco_oc05_lev,oc05_lev,0.0,0.5,0.25,0.5,0,1,Cl1
toc_uco_oc05_lev_51,toc_uco_oc05_lev,oc05_lev,0.0,0.25,0.25,0.0,0,1,Cl1
toc_uco_oc05_lev_52,toc_uco_oc05_lev,oc05_lev,0.25,0.0,0.75,0.25,0,1,Cl1
toc_uco_oc05_lev_53,toc_uco_oc05_lev,oc05_lev,0.5,0.0,0.0,0.0,0,1,Cl1
toc_uco_oc05_lev_54,toc_uco_oc05_lev,oc05_lev,0.0,0.25,0.25,0.0,0,1,Cl1
toc_uco_oc05_lev_55,toc_uco_oc05_lev,oc05_lev,0.0,0.0,0.75,0.0,0,1,Cl1
toc_uco_oc05_lev_56,toc_uco_oc05_lev,oc05_lev,0.25,0.0,0.75,0.25,0,1,Cl1
toc_uco_oc05_lev_57,toc_uco_oc05_lev,oc05_lev,0.25,0.25,0.25,0.5,0,1,Cl1
toc_uco_oc05_lev_58,toc_uco_oc05_lev,oc05_lev,0.5,0.0,1.0,0.75,0,1,Cl1
toc_uco_oc05_lev_59,toc_uco_oc05_lev,oc05_lev,0.0,0.0,0.75,0.0,0,1,Cl1
toc_uco_oc05_lev_60,toc_uco_oc05_lev,oc05_lev,0.25,0.0,1.0,1.0,0,1,Cl1
toc_uco_oc05_lev_61,toc_uco_oc05_lev,oc05_lev,0.25,0.0,0.25,0.25,0,1,Cl1
toc_uco_oc05_lev_62,toc_uco_oc05_lev,oc05_lev,0.0,1.0,0.5,0.75,0,1,Cl1
toc_uco_oc05_lev_63,toc_uco_oc05_lev,oc05_lev,0.0,0.0,1.0,0.0,0,1,Cl1
toc_uco_oc05_lev_64,toc_uco_oc05_lev,oc05_lev,0.0,0.0,1.0,0.0,0,1,Cl1
toc_uco_oc05_lev_65,toc_uco_oc05_lev,oc05_lev,0.25,0.0,0.25,0.75,0,1,Cl1
toc_uco_oc05_lev_66,toc_uco_oc05_lev,oc05_lev,0.25,0.0,0.5,0.5,0,1,Cl1
toc_uco_oc05_lev_67,toc_uco_oc05_lev,oc05_lev,0.5,0.0,1.0,0.75,0,1,Cl1
toc_uco_oc05_lev_68,toc_uco_oc05_lev,oc05_lev,0.0,0.25,0.5,0.5,0,1,Cl1
toc_uco_oc05_lev_69,toc_uco_oc05_lev,oc05_lev,0.5,0.0,0.0,0.0,0,1,Cl1
toc_uco_oc05_lev_70,toc_uco_oc05_lev,oc05_lev,0.0,0.0,0.75,0.0,0,1,Cl1
toc_uco_oc05_lev_71,toc_uco_oc05_lev,oc05_lev,0.0,0.5,0.0,0.0,1,2,Cl2
toc_uco_oc05_lev_72,toc_uco_oc05_lev,oc05_lev,1.0,0.0,0.0,0.5,1,2,Cl2
toc_uco_oc05_lev_73,toc_uco_oc05_lev,oc05_lev,0.0,0.5,0.25,0.75,1,2,Cl2
toc_uco_oc05_lev_74,toc_uco_oc05_lev,oc05_lev,1.0,0.0,0.0,0.5,1,2,Cl2
toc_uco_oc05_lev_75,toc_uco_oc05_lev,oc05_lev,1.0,0.0,0.75,0.0,1,2,Cl2
toc_uco_oc05_lev_76,toc_uco_oc05_lev,oc05_lev,0.5,0.25,0.5,0.0,1,2,Cl2
toc_uco_oc05_lev_77,toc_uco_oc05_lev,oc05_lev,0.0,0.0,0.25,1.0,1,2,Cl2
toc_uco_oc05_lev_78,toc_uco_oc05_lev,oc05_lev,0.25,0.25,0.25,0.5,1,2,Cl2
toc_uco_oc05_lev_79,toc_uco_oc05_lev,oc05_lev,0.75,0.25,0.25,0.0,1,2,Cl2
toc_uco_oc05_lev_80,toc_uco_oc05_lev,oc05_lev,0.5,0.25,0.0,0.5,1,2,Cl2
toc_uco_oc05_lev_81,toc_uco_oc05_lev,oc05_lev,0.25,0.5,0.0,1.0,1,2,Cl2
toc_uco_oc05_lev_82,toc_uco_oc05_lev,oc05_lev,0.0,0.75,0.75,0.0,1,2,Cl2
toc_uco_oc05_lev_83,toc_uco_oc05_lev,oc05_lev,0.0,0.5,0.0,0.25,1,2,Cl2
toc_uco_oc05_lev_84,toc_uco_oc05_lev,oc05_lev,0.25,0.25,0.25,0.5,1,2,Cl2
toc_uco_oc05_lev_85,toc_uco_oc05_lev,oc05_lev,0.5,0.5,0.0,0.0,1,2,Cl2
toc_uco_oc05_lev_86,toc_uco_oc05_lev,oc05_lev,1.0,0.0,0.0,0.5,1,2,Cl2
toc_uco_oc05_lev_87,toc_uco_oc05_lev,oc05_lev,0.5,0.5,1.0,0.25,1,2,Cl2
toc_uco_oc05_lev_88,toc_uco_oc05_lev,oc05_lev,0.25,0.25,0.25,0.5,1,2,Cl2
toc_uco_oc05_lev_89,toc_uco_oc05_lev,oc05_lev,0.0,0.5,0.0,0.25,1,2,Cl2
toc_uco_oc05_lev_90,toc_uco_oc05_lev,oc05_lev,1.0,0.25,0.75,0.25,1,2,Cl2
toc_uco_oc05_lev_91,toc_uco_oc05_lev,oc05_lev,0.0,0.5,0.75,0.75,1,2,Cl2
toc_uco_oc05_lev_92,toc_uco_oc05_lev,oc05_lev,0.25,0.5,0.0,1.0,1,2,Cl2
toc_uco_oc05_lev_93,toc_uco_oc05_lev,oc05_lev,0.25,0.25,0.25,0.5,1,2,Cl2
toc_uco_oc05_lev_94,toc_uco_oc05_lev,oc05_lev,0.75,0.0,0.5,1.0,1,2,Cl2
toc_uco_oc05_lev_95,toc_uco_oc05_lev,oc05_lev,0.5,0.25,0.5,0.75,1,2,Cl2
toc_uco_oc05_lev_96,toc_uco_oc05_lev,oc05_lev,0.5,0.5,0.75,0.75,1,2,Cl2
toc_uco_oc05_lev_97,toc_uco_oc05_lev,oc05_lev,0.0,0.25,0.5,0.5,1,2,Cl2
toc_uco_oc05_lev_98,toc_uco_oc05_lev,oc05_lev,0.25,0.5,0.75,0.5,1,2,Cl2
toc_uco_oc05_lev_99,toc_uco_oc05_lev,oc05_lev,0.0,0.25,0.5,0.5,1,2,Cl2
toc_uco_oc05_lev_100,toc_uco_oc05_lev,oc05_lev,0.0,0.5,0.25,0.5,1,2,Cl2
toc_uco_oc05_lev_101,toc_uco_oc05_lev,oc05_lev,0.0,0.0,0.25,1.0,1,2,Cl2
toc_uco_oc05_lev_102,toc_uco_oc05_lev,oc05_lev,1.0,0.25,0.0,0.5,1,2,Cl2
toc_uco_oc05_lev_103,toc_uco_oc05_lev,oc05_lev,1.0,0.0,0.0,0.5,1,2,Cl2
toc_uco_oc05_lev_104,toc_uco_oc05_lev,oc05_lev,0.25,0.0,0.75,0.25,1,2,Cl2
toc_uco_oc05_lev_105,toc_uco_oc05_lev,oc05_lev,0.25,0.25,1.0,0.5,1,2,Cl2
toc_uco_oc05_lev_106,toc_uco_oc05_lev,oc05_lev,0.0,0.75,1.0,0.0,1,2,Cl2
toc_uco_oc05_lev_107,toc_uco_oc05_lev,oc05_lev,0.25,0.5,0.5,0.25,1,2,Cl2
toc_uco_oc05_lev_108,toc_uco_oc05_lev,oc05_lev,0.0,0.5,0.0,0.0,1,2,Cl2
toc_uco_oc05_lev_109,toc_uco_oc05_lev,oc05_lev,0.25,0.25,0.25,0.5,1,2,Cl2
toc_uco_oc05_lev_110,toc_uco_oc05_lev,oc05_lev,0.5,0.25,0.0,0.5,1,2,Cl2
toc_uco_oc05_lev_111,toc_uco_oc05_lev,oc05_lev,0.0,0.25,1.0,0.75,1,2,Cl2
toc_uco_oc05_lev_112,toc_uco_oc05_lev,oc05_lev,0.25,0.0,0.75,0.25,1,2,Cl2
toc_uco_oc05_lev_113,toc_uco_oc05_lev,oc05_lev,0.5,0.5,0.0,0.0,1,2,Cl2
toc_uco_oc05_lev_114,toc_uco_oc05_lev,oc05_lev,0.25,0.0,0.5,0.0,1,2,Cl2
toc_uco_oc05_lev_115,toc_uco_oc05_lev,oc05_lev,0.25,0.75,0.0,0.25,1,2,Cl2
toc_uco_oc05_lev_116,toc_uco_oc05_lev,oc05_lev,0.25,0.0,0.5,0.5,1,2,Cl2
toc_uco_oc05_lev_117,toc_uco_oc05_lev,oc05_lev,0.5,0.0,0.0,0.0,1,2,Cl2
toc_uco_oc05_lev_118,toc_uco_oc05_lev,oc05_lev,0.25,0.25,1.0,0.25,1,2,Cl2
toc_uco_oc05_lev_119,toc_uco_oc05_lev,oc05_lev,0.0,0.0,0.75,0.0,1,2,Cl2
toc_uco_oc05_lev_120,toc_uco_oc05_lev,oc05_lev,0.25,0.25,1.0,0.25,1,2,Cl2
toc_uco_oc05_lev_121,toc_uco_oc05_lev,oc05_lev,0.25,0.0,0.5,0.5,1,2,Cl2
toc_uco_oc05_lev_122,toc_uco_oc05_lev,oc05_lev,0.75,0.25,0.5,0.5,1,2,Cl2
toc_uco_oc05_lev_123,toc_uco_oc05_lev,oc05_lev,0.75,0.25,0.25,0.0,1,2,Cl2
toc_uco_oc05_lev_124,toc_uco_oc05_lev,oc05_lev,1.0,0.25,0.0,0.5,1,2,Cl2
toc_uco_oc05_lev_125,toc_uco_oc05_lev,oc05_lev,0.5,0.25,0.5,0.0,1,2,Cl2
toc_uco_oc05_lev_126,toc_uco_oc05_lev,oc05_lev,0.0,1.0,1.0,0.5,1,2,Cl2
toc_uco_oc05_lev_127,toc_uco_oc05_lev,oc05_lev,0.0,0.25,1.0,0.75,1,2,Cl2
toc_uco_oc05_lev_128,toc_uco_oc05_lev,oc05_lev,0.25,0.5,0.5,0.25,1,2,Cl2
toc_uco_oc05_lev_129,toc_uco_oc05_lev,oc05_lev,0.25,0.5,0.5,0.25,1,2,Cl2
toc_uco_oc05_lev_130,toc_uco_oc05_lev,oc05_lev,1.0,0.75,0.5,0.0,1,2,Cl2
toc_uco_oc05_lev_131,toc_uco_oc05_lev,oc05_lev,0.5,0.25,0.5,0.0,1,2,Cl2
toc_uco_oc05_lev_132,toc_uco_oc05_lev,oc05_lev,0.0,0.25,0.5,0.5,1,2,Cl2
toc_uco_oc05_lev_133,toc_uco_oc05_lev,oc05_lev,0.0,0.75,1.0,0.0,1,2,Cl2
toc_uco_oc05_lev_134,toc_uco_oc05_lev,oc05_lev,0.0,0.25,0.5,0.75,1,2,Cl2
toc_uco_oc05_lev_135,toc_uco_oc05_lev,oc05_lev,0.0,0.5,0.25,0.5,1,2,Cl2
toc_uco_oc05_lev_136,toc_uco_oc05_lev,oc05_lev,0.5,0.25,0.25,0.5,1,2,Cl2
toc_uco_oc05_lev_137,toc_uco_oc05_lev,oc05_lev,1.0,0.25,0.0,0.5,1,2,Cl2
toc_uco_oc05_lev_138,toc_uco_oc05_lev,oc05_lev,0.0,0.25,0.5,0.5,1,2,Cl2
toc_uco_oc05_lev_139,toc_uco_oc05_lev,oc05_lev,0.0,0.5,0.25,0.5,1,2,Cl2
toc_uco_oc05_lev_140,toc_uco_oc05_lev,oc05_lev,0.5,0.5,1.0,0.25,1,2,Cl2
toc_uco_oc05_lev_141,toc_uco_oc05_lev,oc05_lev,0.5,0.5,0.0,0.0,1,2,Cl2
toc_uco_oc05_lev_142,toc_uco_oc05_lev,oc05_lev,0.25,0.25,1.0,0.5,1,2,Cl2
toc_uco_oc05_lev_143,toc_uco_oc05_lev,oc05_lev,0.0,0.5,0.25,0.75,1,2,Cl2
toc_uco_oc05_lev_144,toc_uco_oc05_lev,oc05_lev,0.5,0.25,0.5,0.0,1,2,Cl2
toc_uco_oc05_lev_145,toc_uco_oc05_lev,oc05_lev,0.0,0.5,0.25,0.5,1,2,Cl2
toc_uco_oc05_lev_146,toc_uco_oc05_lev,oc05_lev,0.0,0.5,0.25,0.5,1,2,Cl2
toc_uco_oc05_lev_147,toc_uco_oc05_lev,oc05_lev,0.0,0.5,0.25,0.75,1,2,Cl2
toc_uco_oc05_lev_148,toc_uco_oc05_lev,oc05_lev,0.0,0.5,0.0,0.0,1,2,Cl2
toc_uco_oc05_lev_149,toc_uco_oc05_lev,oc05_lev,0.5,1.0,0.0,0.75,1,2,Cl2
toc_uco_oc05_lev_150,toc_uco_oc05_lev,oc05_lev,0.0,0.5,0.75,0.75,1,2,Cl2
toc_uco_oc05_lev_151,toc_uco_oc05_lev,oc05_lev,0.0,1.0,1.0,1.0,1,2,Cl2
toc_uco_oc05_lev_152,toc_uco_oc05_lev,oc05_lev,0.0,0.5,0.25,0.5,1,2,Cl2
toc_uco_oc05_lev_153,toc_uco_oc05_lev,oc05_lev,0.25,0.0,0.75,0.25,1,2,Cl2
toc_uco_oc05_lev_154,toc_uco_oc05_lev,oc05_lev,0.5,0.25,0.25,0.5,1,2,Cl2
toc_uco_oc05_lev_155,toc_uco_oc05_lev,oc05_lev,0.0,0.25,0.5,0.5,1,2,Cl2
toc_uco_oc05_lev_156,toc_uco_oc05_lev,oc05_lev,1.0,0.5,0.75,0.25,1,2,Cl2
toc_uco_oc05_lev_157,toc_uco_oc05_lev,oc05_lev,1.0,0.0,0.0,0.5,1,2,Cl2
toc_uco_oc05_lev_158,toc_uco_oc05_lev,oc05_lev,0.25,0.75,0.0,0.25,1,2,Cl2
toc_uco_oc05_lev_159,toc_uco_oc05_lev,oc05_lev,1.0,0.25,0.75,0.25,1,2,Cl2
toc_uco_oc05_lev_160,toc_uco_oc05_lev,oc05_lev,0.5,0.5,0.0,1.0,1,2,Cl2
toc_uco_oc05_lev_161,toc_uco_oc05_lev,oc05_lev,0.25,0.5,0.5,0.25,1,2,Cl2
toc_uco_oc05_lev_162,toc_uco_oc05_lev,oc05_lev,0.0,0.5,0.0,0.25,1,2,Cl2
toc_uco_oc05_lev_163,toc_uco_oc05_lev,oc05_lev,0.5,0.0,0.5,0.5,1,2,Cl2
toc_uco_oc05_lev_164,toc_uco_oc05_lev,oc05_lev,0.5,0.5,0.0,0.0,1,2,Cl2
toc_uco_oc05_lev_165,toc_uco_oc05_lev,oc05_lev,0.5,0.25,0.25,0.5,1,2,Cl2
toc_uco_oc05_lev_166,toc_uco_oc05_lev,oc05_lev,0.75,0.25,0.25,0.0,1,2,Cl2
toc_uco_oc05_lev_167,toc_uco_oc05_lev,oc05_lev,1.0,0.0,0.0,0.5,1,2,Cl2
toc_uco_oc05_lev_168,toc_uco_oc05_lev,oc05_lev,0.0,0.75,0.5,1.0,1,2,Cl2
toc_uco_oc05_lev_169,toc_uco_oc05_lev,oc05_lev,0.0,0.5,0.25,0.75,1,2,Cl2
toc_uco_oc05_lev_170,toc_uco_oc05_lev,oc05_lev,0.25,0.5,0.5,0.25,1,2,Cl2
toc_uco_oc05_lev_171,toc_uco_oc05_lev,oc05_lev,0.25,0.25,1.0,0.25,1,2,Cl2
toc_uco_oc05_lev_172,toc_uco_oc05_lev,oc05_lev,1.0,0.0,1.0,0.75,1,2,Cl2
toc_uco_oc05_lev_173,toc_uco_oc05_lev,oc05_lev,0.0,1.0,1.0,0.25,1,2,Cl2
toc_uco_oc05_lev_174,toc_uco_oc05_lev,oc05_lev,1.0,0.0,0.75,0.0,1,2,Cl2
toc_uco_oc05_lev_175,toc_uco_oc05_lev,oc05_lev,0.25,0.5,0.75,0.0,1,2,Cl2
toc_uco_oc05_lev_176,toc_uco_oc05_lev,oc05_lev,0.5,0.0,0.75,1.0,1,2,Cl2
toc_uco_oc05_lev_177,toc_uco_oc05_lev,oc05_lev,0.0,0.25,1.0,0.75,1,2,Cl2
toc_uco_oc05_lev_178,toc_uco_oc05_lev,oc05_lev,0.25,0.25,1.0,0.25,1,2,Cl2
toc_uco_oc05_lev_179,toc_uco_oc05_lev,oc05_lev,0.25,0.5,0.5,0.25,1,2,Cl2
toc_uco_oc05_lev_180,toc_uco_oc05_lev,oc05_lev,0.25,0.0,0.5,0.0,1,2,Cl2
toc_uco_oc05_lev_181,toc_uco_oc05_lev,oc05_lev,0.0,0.5,0.0,0.25,1,2,Cl2
toc_uco_oc05_lev_182,toc_uco_oc05_lev,oc05_lev,1.0,0.0,0.0,1.0,1,2,Cl2
toc_uco_oc05_lev_183,toc_uco_oc05_lev,oc05_lev,0.5,0.25,0.5,0.0,1,2,Cl2
toc_uco_oc05_lev_184,toc_uco_oc05_lev,oc05_lev,0.25,0.0,0.5,0.5,1,2,Cl2
toc_uco_oc05_lev_185,toc_uco_oc05_lev,oc05_lev,0.0,0.5,0.25,0.5,1,2,Cl2
toc_uco_oc05_lev_186,toc_uco_oc05_lev,oc05_lev,0.25,0.0,0.25,0.25,1,2,Cl2
toc_uco_oc05_lev_187,toc_uco_oc05_lev,oc05_lev,0.0,0.75,1.0,1.0,1,2,Cl2
toc_uco_oc05_lev_188,toc_uco_oc05_lev,oc05_lev,0.0,0.5,0.25,0.5,1,2,Cl2
toc_uco_oc05_lev_189,toc_uco_oc05_lev,oc05_lev,1.0,0.0,0.0,0.5,1,2,Cl2
toc_uco_oc05_lev_190,toc_uco_oc05_lev,oc05_lev,0.5,0.0,0.75,1.0,1,2,Cl2
toc_uco_oc05_lev_191,toc_uco_oc05_lev,oc05_lev,0.75,0.25,0.5,0.5,1,2,Cl2
toc_uco_oc05_lev_192,toc_uco_oc05_lev,oc05_lev,0.5,0.5,0.25,1.0,1,2,Cl2
toc_uco_oc05_lev_193,toc_uco_oc05_lev,oc05_lev,0.0,0.5,0.0,0.0,1,2,Cl2
toc_uco_oc05_lev_194,toc_uco_oc05_lev,oc05_lev,0.0,0.5,0.0,0.0,1,2,Cl2
toc_uco_oc05_lev_195,toc_uco_oc05_lev,oc05_lev,1.0,0.25,0.25,1.0,1,2,Cl2
toc_uco_oc05_lev_196,toc_uco_oc05_lev,oc05_lev,0.0,0.5,0.0,0.0,1,2,Cl2
toc_uco_oc05_lev_197,toc_uco_oc05_lev,oc05_lev,0.0,0.5,0.0,0.25,1,2,Cl2
toc_uco_oc05_lev_198,toc_uco_oc05_lev,oc05_lev,0.0,0.0,1.0,0.0,1,2,Cl2
toc_uco_oc05_lev_199,toc_uco_oc05_lev,oc05_lev,0.5,0.0,1.0,0.75,1,2,Cl2
toc_uco_oc05_lev_200,toc_uco_oc05_lev,oc05_lev,0.25,0.5,0.75,0.0,1,2,Cl2
toc_uco_oc05_lev_201,toc_uco_oc05_lev,oc05_lev,0.75,0.25,0.5,0.0,1,2,Cl2
toc_uco_oc05_lev_202,toc_uco_oc05_lev,oc05_lev,0.0,0.5,0.25,0.75,1,2,Cl2
toc_uco_oc05_lev_203,toc_uco_oc05_lev,oc05_lev,0.75,0.0,0.5,1.0,1,2,Cl2
toc_uco_oc05_lev_204,toc_uco_oc05_lev,oc05_lev,0.5,0.25,0.25,0.5,1,2,Cl2
toc_uco_oc05_lev_205,toc_uco_oc05_lev,oc05_lev,0.0,0.5,0.25,0.75,1,2,Cl2
toc_uco_oc05_lev_206,toc_uco_oc05_lev,oc05_lev,0.5,0.75,0.5,0.75,1,2,Cl2
toc_uco_oc05_lev_207,toc_uco_oc05_lev,oc05_lev,1.0,0.0,0.0,1.0,1,2,Cl2
toc_uco_oc05_lev_208,toc_uco_oc05_lev,oc05_lev,1.0,0.0,0.0,1.0,1,2,Cl2
toc_uco_oc05_lev_209,toc_uco_oc05_lev,oc05_lev,0.0,0.0,0.25,1.0,1,2,Cl2
toc_uco_oc05_lev_210,toc_uco_oc05_lev,oc05_lev,0.0,0.25,0.5,0.75,1,2,Cl2
toc_uco_oc05_lev_211,toc_uco_oc05_lev,oc05_lev,0.5,0.0,0.75,1.0,1,2,Cl2
toc_uco_oc05_lev_212,toc_uco_oc05_lev,oc05_lev,0.25,0.0,1.0,1.0,1,2,Cl2
toc_uco_oc05_lev_213,toc_uco_oc05_lev,oc05_lev,0.5,0.5,0.0,1.0,1,2,Cl2
toc_uco_oc05_lev_214,toc_uco_oc05_lev,oc05_lev,0.0,0.5,0.75,0.75,1,2,Cl2
toc_uco_oc05_lev_215,toc_uco_oc05_lev,oc05_lev,0.0,0.75,0.75,0.0,1,2,Cl2
toc_uco_oc05_lev_216,toc_uco_oc05_lev,oc05_lev,0.5,0.0,0.5,0.5,1,2,Cl2
toc_uco_oc05_lev_217,toc_uco_oc05_lev,oc05_lev,0.0,0.5,0.25,0.5,1,2,Cl2
toc_uco_oc05_lev_218,toc_uco_oc05_lev,oc05_lev,0.0,0.5,0.25,0.5,1,2,Cl2
toc_uco_oc05_lev_219,toc_uco_oc05_lev,oc05_lev,0.25,0.25,0.25,0.5,1,2,Cl2
toc_uco_oc05_lev_220,toc_uco_oc05_lev,oc05_lev,0.0,1.0,0.25,0.75,1,2,Cl2
toc_uco_oc05_lev_221,toc_uco_oc05_lev,oc05_lev,0.0,0.5,0.25,0.75,1,2,Cl2
toc_uco_oc05_lev_222,toc_uco_oc05_lev,oc05_lev,0.75,0.25,0.25,0.0,1,2,Cl2
toc_uco_oc05_lev_223,toc_uco_oc05_lev,oc05_lev,0.25,0.0,0.25,0.75,1,2,Cl2
toc_uco_oc05_lev_224,toc_uco_oc05_lev,oc05_lev,0.5,0.0,0.75,1.0,1,2,Cl2
toc_uco_oc05_lev_225,toc_uco_oc05_lev,oc05_lev,0.75,0.0,0.5,1.0,1,2,Cl2
toc_uco_oc05_lev_226,toc_uco_oc05_lev,oc05_lev,0.25,1.0,0.5,0.25,1,2,Cl2
toc_uco_oc05_lev_227,toc_uco_oc05_lev,oc05_lev,0.0,0.5,0.25,0.75,1,2,Cl2
toc_uco_oc05_lev_228,toc_uco_oc05_lev,oc05_lev,0.0,0.5,0.25,0.75,1,2,Cl2
toc_uco_oc05_lev_229,toc_uco_oc05_lev,oc05_lev,0.25,0.5,0.0,1.0,1,2,Cl2
toc_uco_oc05_lev_230,toc_uco_oc05_lev,oc05_lev,1.0,0.25,0.75,0.25,1,2,Cl2
toc_uco_oc05_lev_231,toc_uco_oc05_lev,oc05_lev,0.0,0.5,0.25,0.5,1,2,Cl2
toc_uco_oc05_lev_232,toc_uco_oc05_lev,oc05_lev,0.25,0.5,1.0,0.5,1,2,Cl2
toc_uco_oc05_lev_233,toc_uco_oc05_lev,oc05_lev,0.5,0.25,0.5,0.0,1,2,Cl2
toc_uco_oc05_lev_234,toc_uco_oc05_lev,oc05_lev,0.25,0.25,0.25,0.5,1,2,Cl2
toc_uco_oc05_lev_235,toc_uco_oc05_lev,oc05_lev,1.0,0.25,0.75,0.25,1,2,Cl2
toc_uco_oc05_lev_236,toc_uco_oc05_lev,oc05_lev,0.75,0.25,0.5,0.5,1,2,Cl2
toc_uco_oc05_lev_237,toc_uco_oc05_lev,oc05_lev,0.25,0.0,1.0,1.0,1,2,Cl2
toc_uco_oc05_lev_238,toc_uco_oc05_lev,oc05_lev,0.25,0.0,0.5,0.0,1,2,Cl2
toc_uco_oc05_lev_239,toc_uco_oc05_lev,oc05_lev,0.25,0.25,1.0,0.25,1,2,Cl2
toc_uco_oc05_lev_240,toc_uco_oc05_lev,oc05_lev,0.25,0.0,0.25,0.75,1,2,Cl2
toc_uco_oc05_lev_241,toc_uco_oc05_lev,oc05_lev,0.0,0.0,0.25,1.0,1,2,Cl2
toc_uco_oc05_lev_242,toc_uco_oc05_lev,oc05_lev,0.0,1.0,0.5,0.75,1,2,Cl2
toc_uco_oc05_lev_243,toc_uco_oc05_lev,oc05_lev,0.25,0.0,0.5,0.5,1,2,Cl2
toc_uco_oc05_lev_244,toc_uco_oc05_lev,oc05_lev,0.0,0.5,0.25,0.5,1,2,Cl2
toc_uco_oc05_lev_245,toc_uco_oc05_lev,oc05_lev,0.25,0.0,0.5,0.5,1,2,Cl2
toc_uco_oc05_lev_246,toc_uco_oc05_lev,oc05_lev,0.25,0.0,0.25,0.25,1,2,Cl2
toc_uco_oc05_lev_247,toc_uco_oc05_lev,oc05_lev,0.0,0.25,1.0,0.75,1,2,Cl2
toc_uco_oc05_lev_248,toc_uco_oc05_lev,oc05_lev,1.0,0.25,0.0,0.5,1,2,Cl2
toc_uco_oc05_lev_249,toc_uco_oc05_lev,oc05_lev,0.5,1.0,0.5,0.25,1,2,Cl2
toc_uco_oc05_lev_250,toc_uco_oc05_lev,oc05_lev,0.75,0.25,0.5,0.0,1,2,Cl2
toc_uco_oc05_lev_251,toc_uco_oc05_lev,oc05_lev,0.75,0.25,0.25,0.0,1,2,Cl2
toc_uco_oc05_lev_252,toc_uco_oc05_lev,oc05_lev,0.0,0.5,0.0,0.0,1,2,Cl2
toc_uco_oc05_lev_253,toc_uco_oc05_lev,oc05_lev,0.25,0.0,0.75,0.25,1,2,Cl2
toc_uco_oc05_lev_254,toc_uco_oc05_lev,oc05_lev,0.5,0.5,0.0,0.0,1,2,Cl2
toc_uco_oc05_lev_255,toc_uco_oc05_lev,oc05_lev,0.0,0.5,0.25,0.75,1,2,Cl2
toc_uco_oc05_lev_256,toc_uco_oc05_lev,oc05_lev,0.5,0.0,0.5,0.5,1,2,Cl2
toc_uco_oc05_lev_257,toc_uco_oc05_lev,oc05_lev,0.75,0.25,0.5,0.0,1,2,Cl2
toc_uco_oc05_lev_258,toc_uco_oc05_lev,oc05_lev,0.25,0.25,1.0,0.5,1,2,Cl2
toc_uco_oc05_lev_259,toc_uco_oc05_lev,oc05_lev,0.0,0.5,0.25,0.5,1,2,Cl2
toc_uco_oc05_lev_260,toc_uco_oc05_lev,oc05_lev,0.25,0.75,0.0,0.25,1,2,Cl2
toc_uco_oc05_lev_261,toc_uco_oc05_lev,oc05_lev,0.5,0.0,0.5,0.5,1,2,Cl2
toc_uco_oc05_lev_262,toc_uco_oc05_lev,oc05_lev,0.25,0.75,0.0,0.25,1,2,Cl2
toc_uco_oc05_lev_263,toc_uco_oc05_lev,oc05_lev,0.0,0.0,0.75,0.0,1,2,Cl2
toc_uco_oc05_lev_264,toc_uco_oc05_lev,oc05_lev,0.0,0.0,0.75,0.0,1,2,Cl2
toc_uco_oc05_lev_265,toc_uco_oc05_lev,oc05_lev,0.75,0.25,0.5,0.0,1,2,Cl2
toc_uco_oc05_lev_266,toc_uco_oc05_lev,oc05_lev,0.0,0.0,0.25,1.0,1,2,Cl2
toc_uco_oc05_lev_267,toc_uco_oc05_lev,oc05_lev,1.0,0.0,0.0,1.0,1,2,Cl2
toc_uco_oc05_lev_268,toc_uco_oc05_lev,oc05_lev,0.25,0.0,0.25,0.75,1,2,Cl2
toc_uco_oc05_lev_269,toc_uco_oc05_lev,oc05_lev,0.25,0.0,1.0,1.0,1,2,Cl2
toc_uco_oc05_lev_270,toc_uco_oc05_lev,oc05_lev,0.0,0.5,0.0,0.0,1,2,Cl2
toc_uco_oc05_lev_271,toc_uco_oc05_lev,oc05_lev,0.25,0.0,1.0,1.0,1,2,Cl2
toc_uco_oc05_lev_272,toc_uco_oc05_lev,oc05_lev,0.0,0.5,0.25,0.75,1,2,Cl2
toc_uco_oc05_lev_273,toc_uco_oc05_lev,oc05_lev,0.25,0.5,0.75,0.0,1,2,Cl2
toc_uco_oc05_lev_274,toc_uco_oc05_lev,oc05_lev,0.5,0.25,0.5,0.75,1,2,Cl2
toc_uco_oc05_lev_275,toc_uco_oc05_lev,oc05_lev,0.0,0.25,0.5,0.5,1,2,Cl2
toc_uco_oc05_lev_276,toc_uco_oc05_lev,oc05_lev,0.5,0.0,0.5,0.5,1,2,Cl2
toc_uco_oc05_lev_277,toc_uco_oc05_lev,oc05_lev,0.75,0.0,0.5,1.0,1,2,Cl2
toc_uco_oc05_lev_278,toc_uco_oc05_lev,oc05_lev,0.0,0.25,1.0,0.75,1,2,Cl2
toc_uco_oc05_lev_279,toc_uco_oc05_lev,oc05_lev,0.25,0.5,0.75,0.0,1,2,Cl2
toc_uco_oc05_lev_280,toc_uco_oc05_lev,oc05_lev,0.5,0.25,0.5,0.0,1,2,Cl2
toc_uco_oc05_lev_281,toc_uco_oc05_lev,oc05_lev,0.25,1.0,0.0,1.0,2,3,Cl3
toc_uco_oc05_lev_282,toc_uco_oc05_lev,oc05_lev,0.5,0.5,1.0,0.25,2,3,Cl3
toc_uco_oc05_lev_283,toc_uco_oc05_lev,oc05_lev,0.0,0.5,0.25,0.5,2,3,Cl3
toc_uco_oc05_lev_284,toc_uco_oc05_lev,oc05_lev,0.25,1.0,0.5,0.25,2,3,Cl3
toc_uco_oc05_lev_285,toc_uco_oc05_lev,oc05_lev,0.0,0.5,0.75,0.75,2,3,Cl3
toc_uco_oc05_lev_286,toc_uco_oc05_lev,oc05_lev,0.0,0.75,1.0,0.0,2,3,Cl3
toc_uco_oc05_lev_287,toc_uco_oc05_lev,oc05_lev,0.75,0.0,0.5,1.0,2,3,Cl3
toc_uco_oc05_lev_288,toc_uco_oc05_lev,oc05_lev,0.75,0.75,0.75,0.25,2,3,Cl3
toc_uco_oc05_lev_289,toc_uco_oc05_lev,oc05_lev,1.0,0.5,0.75,0.25,2,3,Cl3
toc_uco_oc05_lev_290,toc_uco_oc05_lev,oc05_lev,0.75,0.0,0.5,1.0,2,3,Cl3
toc_uco_oc05_lev_291,toc_uco_oc05_lev,oc05_lev,0.75,0.25,0.5,0.5,2,3,Cl3
toc_uco_oc05_lev_292,toc_uco_oc05_lev,oc05_lev,1.0,0.0,0.0,1.0,2,3,Cl3
toc_uco_oc05_lev_293,toc_uco_oc05_lev,oc05_lev,0.5,0.5,1.0,0.25,2,3,Cl3
toc_uco_oc05_lev_294,toc_uco_oc05_lev,oc05_lev,0.25,0.75,0.0,0.25,2,3,Cl3
toc_uco_oc05_lev_295,toc_uco_oc05_lev,oc05_lev,0.0,0.75,0.75,0.0,2,3,Cl3
toc_uco_oc05_lev_296,toc_uco_oc05_lev,oc05_lev,1.0,0.75,0.5,0.0,2,3,Cl3
toc_uco_oc05_lev_297,toc_uco_oc05_lev,oc05_lev,0.5,0.25,0.5,0.75,2,3,Cl3
toc_uco_oc05_lev_298,toc_uco_oc05_lev,oc05_lev,1.0,0.25,0.75,0.25,2,3,Cl3
toc_uco_oc05_lev_299,toc_uco_oc05_lev,oc05_lev,0.75,0.25,0.25,0.0,2,3,Cl3
toc_uco_oc05_lev_300,toc_uco_oc05_lev,oc05_lev,0.5,1.0,0.0,0.5,2,3,Cl3
toc_uco_oc05_lev_301,toc_uco_oc05_lev,oc05_lev,0.5,0.5,0.25,1.0,2,3,Cl3
toc_uco_oc05_lev_302,toc_uco_oc05_lev,oc05_lev,0.5,1.0,0.25,0.0,2,3,Cl3
toc_uco_oc05_lev_303,toc_uco_oc05_lev,oc05_lev,1.0,0.25,0.75,0.25,2,3,Cl3
toc_uco_oc05_lev_304,toc_uco_oc05_lev,oc05_lev,1.0,0.25,0.25,1.0,2,3,Cl3
toc_uco_oc05_lev_305,toc_uco_oc05_lev,oc05_lev,0.5,1.0,0.0,0.75,2,3,Cl3
toc_uco_oc05_lev_306,toc_uco_oc05_lev,oc05_lev,0.5,0.75,0.5,0.75,2,3,Cl3
toc_uco_oc05_lev_307,toc_uco_oc05_lev,oc05_lev,0.25,0.5,0.5,0.75,2,3,Cl3
toc_uco_oc05_lev_308,toc_uco_oc05_lev,oc05_lev,0.25,0.5,0.0,1.0,2,3,Cl3
toc_uco_oc05_lev_309,toc_uco_oc05_lev,oc05_lev,0.25,1.0,0.0,1.0,2,3,Cl3
toc_uco_oc05_lev_310,toc_uco_oc05_lev,oc05_lev,1.0,0.0,1.0,0.25,2,3,Cl3
toc_uco_oc05_lev_311,toc_uco_oc05_lev,oc05_lev,1.0,0.0,0.0,0.5,2,3,Cl3
toc_uco_oc05_lev_312,toc_uco_oc05_lev,oc05_lev,0.0,0.75,1.0,0.0,2,3,Cl3
toc_uco_oc05_lev_313,toc_uco_oc05_lev,oc05_lev,0.0,0.25,1.0,0.75,2,3,Cl3
toc_uco_oc05_lev_314,toc_uco_oc05_lev,oc05_lev,1.0,0.5,0.75,0.0,2,3,Cl3
toc_uco_oc05_lev_315,toc_uco_oc05_lev,oc05_lev,0.0,0.5,0.25,0.75,2,3,Cl3
toc_uco_oc05_lev_316,toc_uco_oc05_lev,oc05_lev,0.5,1.0,0.5,0.25,2,3,Cl3
toc_uco_oc05_lev_317,toc_uco_oc05_lev,oc05_lev,0.0,1.0,1.0,0.25,2,3,Cl3
toc_uco_oc05_lev_318,toc_uco_oc05_lev,oc05_lev,0.5,0.75,1.0,0.5,2,3,Cl3
toc_uco_oc05_lev_319,toc_uco_oc05_lev,oc05_lev,0.25,0.5,0.75,0.5,2,3,Cl3
toc_uco_oc05_lev_320,toc_uco_oc05_lev,oc05_lev,0.5,0.5,0.25,1.0,2,3,Cl3
toc_uco_oc05_lev_321,toc_uco_oc05_lev,oc05_lev,0.25,0.5,0.5,0.25,2,3,Cl3
toc_uco_oc05_lev_322,toc_uco_oc05_lev,oc05_lev,0.5,0.25,0.5,0.0,2,3,Cl3
toc_uco_oc05_lev_323,toc_uco_oc05_lev,oc05_lev,0.25,0.25,1.0,0.5,2,3,Cl3
toc_uco_oc05_lev_324,toc_uco_oc05_lev,oc05_lev,0.5,0.0,0.75,1.0,2,3,Cl3
toc_uco_oc05_lev_325,toc_uco_oc05_lev,oc05_lev,1.0,0.25,0.75,0.25,2,3,Cl3
toc_uco_oc05_lev_326,toc_uco_oc05_lev,oc05_lev,0.0,0.5,0.75,0.75,2,3,Cl3
toc_uco_oc05_lev_327,toc_uco_oc05_lev,oc05_lev,0.5,0.5,0.0,1.0,2,3,Cl3
toc_uco_oc05_lev_328,toc_uco_oc05_lev,oc05_lev,0.5,1.0,0.25,0.0,2,3,Cl3
toc_uco_oc05_lev_329,toc_uco_oc05_lev,oc05_lev,0.5,1.0,0.0,0.75,2,3,Cl3
toc_uco_oc05_lev_330,toc_uco_oc05_lev,oc05_lev,0.75,1.0,0.5,0.5,2,3,Cl3
toc_uco_oc05_lev_331,toc_uco_oc05_lev,oc05_lev,1.0,0.5,0.75,0.25,2,3,Cl3
toc_uco_oc05_lev_332,toc_uco_oc05_lev,oc05_lev,0.25,0.5,0.0,1.0,2,3,Cl3
toc_uco_oc05_lev_333,toc_uco_oc05_lev,oc05_lev,0.75,0.5,0.5,0.5,2,3,Cl3
toc_uco_oc05_lev_334,toc_uco_oc05_lev,oc05_lev,0.5,0.75,0.5,1.0,2,3,Cl3
toc_uco_oc05_lev_335,toc_uco_oc05_lev,oc05_lev,0.5,0.75,0.5,1.0,2,3,Cl3
toc_uco_oc05_lev_336,toc_uco_oc05_lev,oc05_lev,0.5,1.0,0.5,0.25,2,3,Cl3
toc_uco_oc05_lev_337,toc_uco_oc05_lev,oc05_lev,1.0,0.25,0.75,0.25,2,3,Cl3
toc_uco_oc05_lev_338,toc_uco_oc05_lev,oc05_lev,0.0,1.0,1.0,1.0,2,3,Cl3
toc_uco_oc05_lev_339,toc_uco_oc05_lev,oc05_lev,1.0,0.0,1.0,0.25,2,3,Cl3
toc_uco_oc05_lev_340,toc_uco_oc05_lev,oc05_lev,0.5,0.5,0.5,0.75,2,3,Cl3
toc_uco_oc05_lev_341,toc_uco_oc05_lev,oc05_lev,1.0,0.25,0.75,0.25,2,3,Cl3
toc_uco_oc05_lev_342,toc_uco_oc05_lev,oc05_lev,0.25,0.5,1.0,0.5,2,3,Cl3
toc_uco_oc05_lev_343,toc_uco_oc05_lev,oc05_lev,0.5,0.75,1.0,0.5,2,3,Cl3
toc_uco_oc05_lev_344,toc_uco_oc05_lev,oc05_lev,0.5,1.0,0.0,0.75,2,3,Cl3
toc_uco_oc05_lev_345,toc_uco_oc05_lev,oc05_lev,0.0,1.0,0.5,0.75,2,3,Cl3
toc_uco_oc05_lev_346,toc_uco_oc05_lev,oc05_lev,0.5,0.75,1.0,0.5,2,3,Cl3
toc_uco_oc05_lev_347,toc_uco_oc05_lev,oc05_lev,0.0,0.5,0.75,0.75,2,3,Cl3
toc_uco_oc05_lev_348,toc_uco_oc05_lev,oc05_lev,0.5,0.5,0.75,0.75,2,3,Cl3
toc_uco_oc05_lev_349,toc_uco_oc05_lev,oc05_lev,0.5,0.25,0.5,0.75,2,3,Cl3
toc_uco_oc05_lev_350,toc_uco_oc05_lev,oc05_lev,0.0,0.25,1.0,0.75,2,3,Cl3
toc_uco_oc05_lev_351,toc_uco_oc05_lev,oc05_lev,0.5,1.0,0.75,0.5,2,3,Cl3
toc_uco_oc05_lev_352,toc_uco_oc05_lev,oc05_lev,0.5,0.5,0.0,1.0,2,3,Cl3
toc_uco_oc05_lev_353,toc_uco_oc05_lev,oc05_lev,0.75,0.0,0.5,1.0,2,3,Cl3
toc_uco_oc05_lev_354,toc_uco_oc05_lev,oc05_lev,1.0,0.25,0.75,0.25,2,3,Cl3
toc_uco_oc05_lev_355,toc_uco_oc05_lev,oc05_lev,0.75,0.5,0.5,1.0,2,3,Cl3
toc_uco_oc05_lev_356,toc_uco_oc05_lev,oc05_lev,0.0,0.75,0.75,0.0,2,3,Cl3
toc_uco_oc05_lev_357,toc_uco_oc05_lev,oc05_lev,0.75,0.0,0.5,1.0,2,3,Cl3
toc_uco_oc05_lev_358,toc_uco_oc05_lev,oc05_lev,0.5,1.0,0.0,0.5,2,3,Cl3
toc_uco_oc05_lev_359,toc_uco_oc05_lev,oc05_lev,0.25,0.5,0.5,0.25,2,3,Cl3
toc_uco_oc05_lev_360,toc_uco_oc05_lev,oc05_lev,0.75,0.25,0.5,0.5,2,3,Cl3
toc_uco_oc05_lev_361,toc_uco_oc05_lev,oc05_lev,0.5,0.5,0.75,0.5,2,3,Cl3
toc_uco_oc05_lev_362,toc_uco_oc05_lev,oc05_lev,0.0,0.75,1.0,1.0,2,3,Cl3
toc_uco_oc05_lev_363,toc_uco_oc05_lev,oc05_lev,0.0,0.5,0.25,0.5,2,3,Cl3
toc_uco_oc05_lev_364,toc_uco_oc05_lev,oc05_lev,0.25,0.5,0.0,1.0,2,3,Cl3
toc_uco_oc05_lev_365,toc_uco_oc05_lev,oc05_lev,0.75,0.25,0.5,0.5,2,3,Cl3
toc_uco_oc05_lev_366,toc_uco_oc05_lev,oc05_lev,0.25,0.75,0.0,0.25,2,3,Cl3
toc_uco_oc05_lev_367,toc_uco_oc05_lev,oc05_lev,0.0,1.0,0.5,0.75,2,3,Cl3
toc_uco_oc05_lev_368,toc_uco_oc05_lev,oc05_lev,1.0,0.25,0.75,0.25,2,3,Cl3
toc_uco_oc05_lev_369,toc_uco_oc05_lev,oc05_lev,1.0,0.25,0.75,0.25,2,3,Cl3
toc_uco_oc05_lev_370,toc_uco_oc05_lev,oc05_lev,0.25,0.5,0.5,0.75,2,3,Cl3
toc_uco_oc05_lev_371,toc_uco_oc05_lev,oc05_lev,0.5,0.75,0.5,0.75,2,3,Cl3
toc_uco_oc05_lev_372,toc_uco_oc05_lev,oc05_lev,0.5,0.0,0.75,1.0,2,3,Cl3
toc_uco_oc05_lev_373,toc_uco_oc05_lev,oc05_lev,0.25,0.5,0.75,0.5,2,3,Cl3
toc_uco_oc05_lev_374,toc_uco_oc05_lev,oc05_lev,0.5,1.0,0.0,0.75,2,3,Cl3
toc_uco_oc05_lev_375,toc_uco_oc05_lev,oc05_lev,0.5,0.5,0.0,0.0,2,3,Cl3
toc_uco_oc05_lev_376,toc_uco_oc05_lev,oc05_lev,0.25,0.5,0.5,0.25,2,3,Cl3
toc_uco_oc05_lev_377,toc_uco_oc05_lev,oc05_lev,0.5,1.0,0.75,0.5,2,3,Cl3
toc_uco_oc05_lev_378,toc_uco_oc05_lev,oc05_lev,0.75,0.25,0.5,0.0,2,3,Cl3
toc_uco_oc05_lev_379,toc_uco_oc05_lev,oc05_lev,0.75,0.5,0.5,1.0,2,3,Cl3
toc_uco_oc05_lev_380,toc_uco_oc05_lev,oc05_lev,0.5,0.5,0.5,0.75,2,3,Cl3
toc_uco_oc05_lev_381,toc_uco_oc05_lev,oc05_lev,1.0,0.25,0.75,0.25,2,3,Cl3
toc_uco_oc05_lev_382,toc_uco_oc05_lev,oc05_lev,0.5,1.0,0.0,0.75,2,3,Cl3
toc_uco_oc05_lev_383,toc_uco_oc05_lev,oc05_lev,1.0,0.25,0.75,0.25,2,3,Cl3
toc_uco_oc05_lev_384,toc_uco_oc05_lev,oc05_lev,0.5,0.5,0.75,0.5,2,3,Cl3
toc_uco_oc05_lev_385,toc_uco_oc05_lev,oc05_lev,0.5,1.0,0.5,0.25,2,3,Cl3
toc_uco_oc05_lev_386,toc_uco_oc05_lev,oc05_lev,0.0,0.75,0.5,1.0,2,3,Cl3
toc_uco_oc05_lev_387,toc_uco_oc05_lev,oc05_lev,0.0,0.5,0.25,0.75,2,3,Cl3
toc_uco_oc05_lev_388,toc_uco_oc05_lev,oc05_lev,0.0,0.5,0.25,0.5,2,3,Cl3
toc_uco_oc05_lev_389,toc_uco_oc05_lev,oc05_lev,0.5,1.0,0.5,0.25,2,3,Cl3
toc_uco_oc05_lev_390,toc_uco_oc05_lev,oc05_lev,0.5,0.25,0.5,0.0,2,3,Cl3
toc_uco_oc05_lev_391,toc_uco_oc05_lev,oc05_lev,0.25,0.5,0.0,1.0,2,3,Cl3
toc_uco_oc05_lev_392,toc_uco_oc05_lev,oc05_lev,0.75,0.75,0.75,0.25,2,3,Cl3
toc_uco_oc05_lev_393,toc_uco_oc05_lev,oc05_lev,0.75,0.75,1.0,0.25,2,3,Cl3
toc_uco_oc05_lev_394,toc_uco_oc05_lev,oc05_lev,0.5,1.0,0.5,0.25,2,3,Cl3
toc_uco_oc05_lev_395,toc_uco_oc05_lev,oc05_lev,0.0,0.5,1.0,1.0,2,3,Cl3
toc_uco_oc05_lev_396,toc_uco_oc05_lev,oc05_lev,1.0,0.0,1.0,0.25,2,3,Cl3
toc_uco_oc05_lev_397,toc_uco_oc05_lev,oc05_lev,0.25,0.5,0.75,0.5,2,3,Cl3
toc_uco_oc05_lev_398,toc_uco_oc05_lev,oc05_lev,0.25,0.5,0.5,0.75,2,3,Cl3
toc_uco_oc05_lev_399,toc_uco_oc05_lev,oc05_lev,0.5,0.0,0.75,1.0,2,3,Cl3
toc_uco_oc05_lev_400,toc_uco_oc05_lev,oc05_lev,0.25,0.5,1.0,0.5,2,3,Cl3
toc_uco_oc05_lev_401,toc_uco_oc05_lev,oc05_lev,0.5,1.0,0.0,0.5,2,3,Cl3
toc_uco_oc05_lev_402,toc_uco_oc05_lev,oc05_lev,0.5,0.25,0.5,0.75,2,3,Cl3
toc_uco_oc05_lev_403,toc_uco_oc05_lev,oc05_lev,0.5,0.5,0.25,1.0,2,3,Cl3
toc_uco_oc05_lev_404,toc_uco_oc05_lev,oc05_lev,0.75,0.75,1.0,0.25,2,3,Cl3
toc_uco_oc05_lev_405,toc_uco_oc05_lev,oc05_lev,0.25,0.5,0.5,0.25,2,3,Cl3
toc_uco_oc05_lev_406,toc_uco_oc05_lev,oc05_lev,0.5,1.0,0.0,0.75,2,3,Cl3
toc_uco_oc05_lev_407,toc_uco_oc05_lev,oc05_lev,0.25,1.0,0.5,0.25,2,3,Cl3
toc_uco_oc05_lev_408,toc_uco_oc05_lev,oc05_lev,0.25,0.5,0.5,0.75,2,3,Cl3
toc_uco_oc05_lev_409,toc_uco_oc05_lev,oc05_lev,0.5,0.5,0.75,0.75,2,3,Cl3
toc_uco_oc05_lev_410,toc_uco_oc05_lev,oc05_lev,0.75,0.5,0.5,0.5,2,3,Cl3
toc_uco_oc05_lev_411,toc_uco_oc05_lev,oc05_lev,0.0,0.75,0.5,1.0,2,3,Cl3
toc_uco_oc05_lev_412,toc_uco_oc05_lev,oc05_lev,0.75,0.5,0.5,1.0,2,3,Cl3
toc_uco_oc05_lev_413,toc_uco_oc05_lev,oc05_lev,0.75,0.0,0.5,1.0,2,3,Cl3
toc_uco_oc05_lev_414,toc_uco_oc05_lev,oc05_lev,0.75,0.5,0.5,1.0,2,3,Cl3
toc_uco_oc05_lev_415,toc_uco_oc05_lev,oc05_lev,0.0,1.0,0.25,0.75,2,3,Cl3
toc_uco_oc05_lev_416,toc_uco_oc05_lev,oc05_lev,0.75,0.75,0.0,0.5,2,3,Cl3
toc_uco_oc05_lev_417,toc_uco_oc05_lev,oc05_lev,0.25,0.25,1.0,0.25,2,3,Cl3
toc_uco_oc05_lev_418,toc_uco_oc05_lev,oc05_lev,0.5,0.5,0.0,1.0,2,3,Cl3
toc_uco_oc05_lev_419,toc_uco_oc05_lev,oc05_lev,1.0,0.25,0.0,0.5,2,3,Cl3
toc_uco_oc05_lev_420,toc_uco_oc05_lev,oc05_lev,0.5,0.75,1.0,0.5,2,3,Cl3
toc_uco_oc05_lev_421,toc_uco_oc05_lev,oc05_lev,0.25,0.5,1.0,0.5,2,3,Cl3
toc_uco_oc05_lev_422,toc_uco_oc05_lev,oc05_lev,0.5,0.5,0.0,0.0,2,3,Cl3
toc_uco_oc05_lev_423,toc_uco_oc05_lev,oc05_lev,1.0,0.0,0.75,0.0,2,3,Cl3
toc_uco_oc05_lev_424,toc_uco_oc05_lev,oc05_lev,1.0,0.5,1.0,0.5,2,3,Cl3
toc_uco_oc05_lev_425,toc_uco_oc05_lev,oc05_lev,1.0,0.0,1.0,0.25,2,3,Cl3
toc_uco_oc05_lev_426,toc_uco_oc05_lev,oc05_lev,1.0,0.25,0.75,0.25,2,3,Cl3
toc_uco_oc05_lev_427,toc_uco_oc05_lev,oc05_lev,0.5,0.5,1.0,0.25,2,3,Cl3
toc_uco_oc05_lev_428,toc_uco_oc05_lev,oc05_lev,0.75,0.75,0.0,0.75,2,3,Cl3
toc_uco_oc05_lev_429,toc_uco_oc05_lev,oc05_lev,0.25,0.5,0.5,0.25,2,3,Cl3
toc_uco_oc05_lev_430,toc_uco_oc05_lev,oc05_lev,0.5,0.5,0.75,0.75,2,3,Cl3
toc_uco_oc05_lev_431,toc_uco_oc05_lev,oc05_lev,0.5,0.5,0.75,0.75,2,3,Cl3
toc_uco_oc05_lev_432,toc_uco_oc05_lev,oc05_lev,0.75,0.5,0.5,1.0,2,3,Cl3
toc_uco_oc05_lev_433,toc_uco_oc05_lev,oc05_lev,0.75,0.5,0.5,1.0,2,3,Cl3
toc_uco_oc05_lev_434,toc_uco_oc05_lev,oc05_lev,0.0,0.5,0.75,0.75,2,3,Cl3
toc_uco_oc05_lev_435,toc_uco_oc05_lev,oc05_lev,0.75,0.25,0.5,0.5,2,3,Cl3
toc_uco_oc05_lev_436,toc_uco_oc05_lev,oc05_lev,0.25,0.75,0.0,0.25,2,3,Cl3
toc_uco_oc05_lev_437,toc_uco_oc05_lev,oc05_lev,0.25,0.5,0.0,1.0,2,3,Cl3
toc_uco_oc05_lev_438,toc_uco_oc05_lev,oc05_lev,0.75,0.25,0.5,0.0,2,3,Cl3
toc_uco_oc05_lev_439,toc_uco_oc05_lev,oc05_lev,0.5,0.5,0.25,1.0,2,3,Cl3
toc_uco_oc05_lev_440,toc_uco_oc05_lev,oc05_lev,1.0,0.0,0.0,1.0,2,3,Cl3
toc_uco_oc05_lev_441,toc_uco_oc05_lev,oc05_lev,0.75,0.5,0.5,1.0,2,3,Cl3
toc_uco_oc05_lev_442,toc_uco_oc05_lev,oc05_lev,0.5,0.5,0.75,0.75,2,3,Cl3
toc_uco_oc05_lev_443,toc_uco_oc05_lev,oc05_lev,1.0,0.25,0.75,0.25,2,3,Cl3
toc_uco_oc05_lev_444,toc_uco_oc05_lev,oc05_lev,0.25,0.5,1.0,0.5,2,3,Cl3
toc_uco_oc05_lev_445,toc_uco_oc05_lev,oc05_lev,0.5,0.75,0.5,0.75,2,3,Cl3
toc_uco_oc05_lev_446,toc_uco_oc05_lev,oc05_lev,0.75,0.75,0.75,0.25,2,3,Cl3
toc_uco_oc05_lev_447,toc_uco_oc05_lev,oc05_lev,0.25,0.25,1.0,0.5,2,3,Cl3
toc_uco_oc05_lev_448,toc_uco_oc05_lev,oc05_lev,0.5,0.0,1.0,0.75,2,3,Cl3
toc_uco_oc05_lev_449,toc_uco_oc05_lev,oc05_lev,0.5,0.5,0.0,1.0,2,3,Cl3
toc_uco_oc05_lev_450,toc_uco_oc05_lev,oc05_lev,0.0,0.75,1.0,0.0,2,3,Cl3
toc_uco_oc05_lev_451,toc_uco_oc05_lev,oc05_lev,0.25,0.5,0.75,0.5,2,3,Cl3
toc_uco_oc05_lev_452,toc_uco_oc05_lev,oc05_lev,0.5,0.5,0.0,1.0,2,3,Cl3
toc_uco_oc05_lev_453,toc_uco_oc05_lev,oc05_lev,0.5,0.75,0.5,0.75,2,3,Cl3
toc_uco_oc05_lev_454,toc_uco_oc05_lev,oc05_lev,1.0,0.5,0.75,0.0,2,3,Cl3
toc_uco_oc05_lev_455,toc_uco_oc05_lev,oc05_lev,0.5,0.75,0.5,1.0,2,3,Cl3
toc_uco_oc05_lev_456,toc_uco_oc05_lev,oc05_lev,0.25,1.0,0.5,0.25,2,3,Cl3
toc_uco_oc05_lev_457,toc_uco_oc05_lev,oc05_lev,0.0,0.75,1.0,0.0,2,3,Cl3
toc_uco_oc05_lev_458,toc_uco_oc05_lev,oc05_lev,0.75,0.25,0.5,0.0,2,3,Cl3
toc_uco_oc05_lev_459,toc_uco_oc05_lev,oc05_lev,0.0,0.75,0.5,1.0,2,3,Cl3
toc_uco_oc05_lev_460,toc_uco_oc05_lev,oc05_lev,0.5,0.5,0.0,0.0,2,3,Cl3
toc_uco_oc05_lev_461,toc_uco_oc05_lev,oc05_lev,0.0,0.75,1.0,0.0,2,3,Cl3
toc_uco_oc05_lev_462,toc_uco_oc05_lev,oc05_lev,0.5,0.5,0.5,0.75,2,3,Cl3
toc_uco_oc05_lev_463,toc_uco_oc05_lev,oc05_lev,0.25,0.5,0.5,0.25,2,3,Cl3
toc_uco_oc05_lev_464,toc_uco_oc05_lev,oc05_lev,0.5,1.0,0.25,0.0,2,3,Cl3
toc_uco_oc05_lev_465,toc_uco_oc05_lev,oc05_lev,0.5,0.5,0.75,0.75,2,3,Cl3
toc_uco_oc05_lev_466,toc_uco_oc05_lev,oc05_lev,0.5,0.5,0.75,0.5,2,3,Cl3
toc_uco_oc05_lev_467,toc_uco_oc05_lev,oc05_lev,0.5,0.5,0.25,1.0,2,3,Cl3
toc_uco_oc05_lev_468,toc_uco_oc05_lev,oc05_lev,0.5,0.5,0.75,0.75,2,3,Cl3
toc_uco_oc05_lev_469,toc_uco_oc05_lev,oc05_lev,0.5,0.5,0.75,0.75,2,3,Cl3
toc_uco_oc05_lev_470,toc_uco_oc05_lev,oc05_lev,0.25,0.5,1.0,0.5,2,3,Cl3
toc_uco_oc05_lev_471,toc_uco_oc05_lev,oc05_lev,0.5,0.5,1.0,0.25,2,3,Cl3
toc_uco_oc05_lev_472,toc_uco_oc05_lev,oc05_lev,1.0,0.75,0.5,0.0,2,3,Cl3
toc_uco_oc05_lev_473,toc_uco_oc05_lev,oc05_lev,0.25,0.5,0.5,0.75,2,3,Cl3
toc_uco_oc05_lev_474,toc_uco_oc05_lev,oc05_lev,0.0,1.0,1.0,0.25,2,3,Cl3
toc_uco_oc05_lev_475,toc_uco_oc05_lev,oc05_lev,0.75,0.25,0.5,0.0,2,3,Cl3
toc_uco_oc05_lev_476,toc_uco_oc05_lev,oc05_lev,1.0,0.0,0.0,0.5,2,3,Cl3
toc_uco_oc05_lev_477,toc_uco_oc05_lev,oc05_lev,0.5,0.5,1.0,0.25,2,3,Cl3
toc_uco_oc05_lev_478,toc_uco_oc05_lev,oc05_lev,0.5,0.5,0.75,0.75,2,3,Cl3
toc_uco_oc05_lev_479,toc_uco_oc05_lev,oc05_lev,0.5,1.0,0.5,0.25,2,3,Cl3
toc_uco_oc05_lev_480,toc_uco_oc05_lev,oc05_lev,0.0,0.5,0.0,0.25,2,3,Cl3
toc_uco_oc05_lev_481,toc_uco_oc05_lev,oc05_lev,0.75,0.75,1.0,0.25,2,3,Cl3
toc_uco_oc05_lev_482,toc_uco_oc05_lev,oc05_lev,1.0,0.0,1.0,0.25,2,3,Cl3
toc_uco_oc05_lev_483,toc_uco_oc05_lev,oc05_lev,0.5,0.5,0.75,0.5,2,3,Cl3
toc_uco_oc05_lev_484,toc_uco_oc05_lev,oc05_lev,1.0,0.5,0.75,0.25,2,3,Cl3
toc_uco_oc05_lev_485,toc_uco_oc05_lev,oc05_lev,0.75,0.75,0.0,0.5,2,3,Cl3
toc_uco_oc05_lev_486,toc_uco_oc05_lev,oc05_lev,0.25,0.0,1.0,1.0,2,3,Cl3
toc_uco_oc05_lev_487,toc_uco_oc05_lev,oc05_lev,0.5,0.5,0.75,0.75,2,3,Cl3
toc_uco_oc05_lev_488,toc_uco_oc05_lev,oc05_lev,0.5,0.5,0.75,0.75,2,3,Cl3
toc_uco_oc05_lev_489,toc_uco_oc05_lev,oc05_lev,0.75,1.0,0.25,0.5,2,3,Cl3
toc_uco_oc05_lev_490,toc_uco_oc05_lev,oc05_lev,0.5,0.5,0.0,1.0,2,3,Cl3
toc_uco_oc05_lev_491,toc_uco_oc05_lev,oc05_lev,0.25,0.5,0.5,0.75,2,3,Cl3
toc_uco_oc05_lev_492,toc_uco_oc05_lev,oc05_lev,0.25,0.5,0.75,0.5,2,3,Cl3
toc_uco_oc05_lev_493,toc_uco_oc05_lev,oc05_lev,0.25,0.5,0.75,0.0,2,3,Cl3
toc_uco_oc05_lev_494,toc_uco_oc05_lev,oc05_lev,0.75,0.0,0.5,1.0,2,3,Cl3
toc_uco_oc05_lev_495,toc_uco_oc05_lev,oc05_lev,0.5,1.0,0.25,0.0,2,3,Cl3
toc_uco_oc05_lev_496,toc_uco_oc05_lev,oc05_lev,0.0,0.75,0.5,1.0,2,3,Cl3
toc_uco_oc05_lev_497,toc_uco_oc05_lev,oc05_lev,0.75,0.5,0.5,0.5,2,3,Cl3
toc_uco_oc05_lev_498,toc_uco_oc05_lev,oc05_lev,0.5,0.25,0.5,0.75,2,3,Cl3
toc_uco_oc05_lev_499,toc_uco_oc05_lev,oc05_lev,0.25,0.5,0.5,0.25,2,3,Cl3
toc_uco_oc05_lev_500,toc_uco_oc05_lev,oc05_lev,0.75,0.75,0.0,0.5,2,3,Cl3
toc_uco_oc05_lev_501,toc_uco_oc05_lev,oc05_lev,0.0,0.25,1.0,0.75,2,3,Cl3
toc_uco_oc05_lev_502,toc_uco_oc05_lev,oc05_lev,0.5,0.5,0.75,0.75,2,3,Cl3
toc_uco_oc05_lev_503,toc_uco_oc05_lev,oc05_lev,0.5,0.0,0.75,1.0,2,3,Cl3
toc_uco_oc05_lev_504,toc_uco_oc05_lev,oc05_lev,0.75,0.5,0.5,0.5,2,3,Cl3
toc_uco_oc05_lev_505,toc_uco_oc05_lev,oc05_lev,0.5,0.75,0.5,1.0,2,3,Cl3
toc_uco_oc05_lev_506,toc_uco_oc05_lev,oc05_lev,0.5,0.5,0.75,0.75,2,3,Cl3
toc_uco_oc05_lev_507,toc_uco_oc05_lev,oc05_lev,0.75,0.5,0.5,0.5,2,3,Cl3
toc_uco_oc05_lev_508,toc_uco_oc05_lev,oc05_lev,0.0,0.75,1.0,1.0,2,3,Cl3
toc_uco_oc05_lev_509,toc_uco_oc05_lev,oc05_lev,0.0,1.0,1.0,1.0,2,3,Cl3
toc_uco_oc05_lev_510,toc_uco_oc05_lev,oc05_lev,0.0,1.0,1.0,0.5,2,3,Cl3
toc_uco_oc05_lev_511,toc_uco_oc05_lev,oc05_lev,0.5,0.5,0.25,1.0,2,3,Cl3
toc_uco_oc05_lev_512,toc_uco_oc05_lev,oc05_lev,1.0,0.0,0.75,0.0,2,3,Cl3
toc_uco_oc05_lev_513,toc_uco_oc05_lev,oc05_lev,0.5,0.5,0.0,1.0,2,3,Cl3
toc_uco_oc05_lev_514,toc_uco_oc05_lev,oc05_lev,0.25,1.0,0.0,1.0,2,3,Cl3
toc_uco_oc05_lev_515,toc_uco_oc05_lev,oc05_lev,0.0,0.5,0.25,0.5,2,3,Cl3
toc_uco_oc05_lev_516,toc_uco_oc05_lev,oc05_lev,0.0,0.25,0.5,0.5,2,3,Cl3
toc_uco_oc05_lev_517,toc_uco_oc05_lev,oc05_lev,1.0,0.25,0.75,0.25,2,3,Cl3
toc_uco_oc05_lev_518,toc_uco_oc05_lev,oc05_lev,0.5,0.5,0.5,0.75,2,3,Cl3
toc_uco_oc05_lev_519,toc_uco_oc05_lev,oc05_lev,0.5,0.75,0.5,1.0,2,3,Cl3
toc_uco_oc05_lev_520,toc_uco_oc05_lev,oc05_lev,0.75,0.25,0.5,0.5,2,3,Cl3
toc_uco_oc05_lev_521,toc_uco_oc05_lev,oc05_lev,0.0,0.5,0.75,0.75,2,3,Cl3
toc_uco_oc05_lev_522,toc_uco_oc05_lev,oc05_lev,0.0,0.75,1.0,0.0,2,3,Cl3
toc_uco_oc05_lev_523,toc_uco_oc05_lev,oc05_lev,0.25,0.5,0.75,0.5,2,3,Cl3
toc_uco_oc05_lev_524,toc_uco_oc05_lev,oc05_lev,0.0,1.0,0.5,0.75,2,3,Cl3
toc_uco_oc05_lev_525,toc_uco_oc05_lev,oc05_lev,1.0,0.5,0.75,0.25,2,3,Cl3
toc_uco_oc05_lev_526,toc_uco_oc05_lev,oc05_lev,0.0,1.0,0.25,0.75,2,3,Cl3
toc_uco_oc05_lev_527,toc_uco_oc05_lev,oc05_lev,0.5,0.75,0.5,1.0,2,3,Cl3
toc_uco_oc05_lev_528,toc_uco_oc05_lev,oc05_lev,0.5,0.0,0.75,1.0,2,3,Cl3
toc_uco_oc05_lev_529,toc_uco_oc05_lev,oc05_lev,0.5,0.5,0.75,0.75,2,3,Cl3
toc_uco_oc05_lev_530,toc_uco_oc05_lev,oc05_lev,0.5,1.0,0.25,0.0,2,3,Cl3
toc_uco_oc05_lev_531,toc_uco_oc05_lev,oc05_lev,0.5,0.5,0.25,1.0,2,3,Cl3
toc_uco_oc05_lev_532,toc_uco_oc05_lev,oc05_lev,0.25,0.5,1.0,0.5,2,3,Cl3
toc_uco_oc05_lev_533,toc_uco_oc05_lev,oc05_lev,0.0,0.25,1.0,0.75,2,3,Cl3
toc_uco_oc05_lev_534,toc_uco_oc05_lev,oc05_lev,0.5,0.25,0.5,0.75,2,3,Cl3
toc_uco_oc05_lev_535,toc_uco_oc05_lev,oc05_lev,0.75,0.75,0.75,0.25,2,3,Cl3
toc_uco_oc05_lev_536,toc_uco_oc05_lev,oc05_lev,0.25,0.5,0.0,1.0,2,3,Cl3
toc_uco_oc05_lev_537,toc_uco_oc05_lev,oc05_lev,0.75,0.5,0.5,0.5,2,3,Cl3
toc_uco_oc05_lev_538,toc_uco_oc05_lev,oc05_lev,0.5,0.5,0.0,1.0,2,3,Cl3
toc_uco_oc05_lev_539,toc_uco_oc05_lev,oc05_lev,0.25,0.75,0.0,0.25,2,3,Cl3
toc_uco_oc05_lev_540,toc_uco_oc05_lev,oc05_lev,0.5,0.5,0.0,1.0,2,3,Cl3
toc_uco_oc05_lev_541,toc_uco_oc05_lev,oc05_lev,0.25,0.5,0.5,0.25,2,3,Cl3
toc_uco_oc05_lev_542,toc_uco_oc05_lev,oc05_lev,0.5,0.25,0.5,0.0,2,3,Cl3
toc_uco_oc05_lev_543,toc_uco_oc05_lev,oc05_lev,0.5,0.5,0.0,0.0,2,3,Cl3
toc_uco_oc05_lev_544,toc_uco_oc05_lev,oc05_lev,0.5,0.5,0.5,0.75,2,3,Cl3
toc_uco_oc05_lev_545,toc_uco_oc05_lev,oc05_lev,0.75,0.25,0.5,0.5,2,3,Cl3
toc_uco_oc05_lev_546,toc_uco_oc05_lev,oc05_lev,0.5,0.25,0.5,0.75,2,3,Cl3
toc_uco_oc05_lev_547,toc_uco_oc05_lev,oc05_lev,0.0,0.25,0.5,0.75,2,3,Cl3
toc_uco_oc05_lev_548,toc_uco_oc05_lev,oc05_lev,1.0,0.25,0.75,0.25,2,3,Cl3
toc_uco_oc05_lev_549,toc_uco_oc05_lev,oc05_lev,1.0,0.5,0.75,0.0,2,3,Cl3
toc_uco_oc05_lev_550,toc_uco_oc05_lev,oc05_lev,0.5,0.0,0.5,0.5,2,3,Cl3
toc_uco_oc05_lev_551,toc_uco_oc05_lev,oc05_lev,0.25,0.5,1.0,0.5,2,3,Cl3
toc_uco_oc05_lev_552,toc_uco_oc05_lev,oc05_lev,0.5,0.75,1.0,0.5,2,3,Cl3
toc_uco_oc05_lev_553,toc_uco_oc05_lev,oc05_lev,0.0,1.0,0.5,0.75,2,3,Cl3
toc_uco_oc05_lev_554,toc_uco_oc05_lev,oc05_lev,0.25,0.5,0.75,0.5,2,3,Cl3
toc_uco_oc05_lev_555,toc_uco_oc05_lev,oc05_lev,0.5,1.0,0.25,0.0,2,3,Cl3
toc_uco_oc05_lev_556,toc_uco_oc05_lev,oc05_lev,1.0,0.25,0.25,1.0,2,3,Cl3
toc_uco_oc05_lev_557,toc_uco_oc05_lev,oc05_lev,0.25,1.0,0.5,0.25,2,3,Cl3
toc_uco_oc05_lev_558,toc_uco_oc05_lev,oc05_lev,0.0,0.5,1.0,1.0,2,3,Cl3
toc_uco_oc05_lev_559,toc_uco_oc05_lev,oc05_lev,1.0,0.0,0.0,1.0,2,3,Cl3
toc_uco_oc05_lev_560,toc_uco_oc05_lev,oc05_lev,0.5,0.5,0.0,1.0,2,3,Cl3
toc_uco_oc05_lev_561,toc_uco_oc05_lev,oc05_lev,0.5,0.5,1.0,0.25,2,3,Cl3
toc_uco_oc05_lev_562,toc_uco_oc05_lev,oc05_lev,0.0,0.0,0.25,1.0,2,3,Cl3
toc_uco_oc05_lev_563,toc_uco_oc05_lev,oc05_lev,0.5,0.5,0.75,0.5,2,3,Cl3
toc_uco_oc05_lev_564,toc_uco_oc05_lev,oc05_lev,0.5,0.5,0.5,0.75,2,3,Cl3
toc_uco_oc05_lev_565,toc_uco_oc05_lev,oc05_lev,0.25,1.0,0.0,1.0,2,3,Cl3
toc_uco_oc05_lev_566,toc_uco_oc05_lev,oc05_lev,0.5,0.25,0.5,0.0,2,3,Cl3
toc_uco_oc05_lev_567,toc_uco_oc05_lev,oc05_lev,0.5,0.5,0.5,0.75,2,3,Cl3
toc_uco_oc05_lev_568,toc_uco_oc05_lev,oc05_lev,0.0,0.75,0.5,1.0,2,3,Cl3
toc_uco_oc05_lev_569,toc_uco_oc05_lev,oc05_lev,0.25,0.5,0.5,0.75,2,3,Cl3
toc_uco_oc05_lev_570,toc_uco_oc05_lev,oc05_lev,0.0,0.5,0.25,0.5,2,3,Cl3
toc_uco_oc05_lev_571,toc_uco_oc05_lev,oc05_lev,0.0,1.0,1.0,0.25,2,3,Cl3
toc_uco_oc05_lev_572,toc_uco_oc05_lev,oc05_lev,0.0,0.75,1.0,1.0,2,3,Cl3
toc_uco_oc05_lev_573,toc_uco_oc05_lev,oc05_lev,0.0,0.5,0.25,0.75,2,3,Cl3
toc_uco_oc05_lev_574,toc_uco_oc05_lev,oc05_lev,0.25,0.5,0.75,0.5,2,3,Cl3
toc_uco_oc05_lev_575,toc_uco_oc05_lev,oc05_lev,0.0,1.0,0.5,0.75,2,3,Cl3
toc_uco_oc05_lev_576,toc_uco_oc05_lev,oc05_lev,1.0,0.0,1.0,0.25,2,3,Cl3
toc_uco_oc05_lev_577,toc_uco_oc05_lev,oc05_lev,0.5,1.0,0.0,0.5,2,3,Cl3
toc_uco_oc05_lev_578,toc_uco_oc05_lev,oc05_lev,1.0,0.25,0.0,0.5,2,3,Cl3
toc_uco_oc05_lev_579,toc_uco_oc05_lev,oc05_lev,0.5,0.0,1.0,0.75,2,3,Cl3
toc_uco_oc05_lev_580,toc_uco_oc05_lev,oc05_lev,1.0,0.75,0.5,0.0,2,3,Cl3
toc_uco_oc05_lev_581,toc_uco_oc05_lev,oc05_lev,0.5,0.5,0.75,0.75,2,3,Cl3
toc_uco_oc05_lev_582,toc_uco_oc05_lev,oc05_lev,0.5,0.5,0.75,0.5,2,3,Cl3
toc_uco_oc05_lev_583,toc_uco_oc05_lev,oc05_lev,1.0,0.0,1.0,0.75,3,4,Cl4
toc_uco_oc05_lev_584,toc_uco_oc05_lev,oc05_lev,0.0,0.75,1.0,1.0,3,4,Cl4
toc_uco_oc05_lev_585,toc_uco_oc05_lev,oc05_lev,0.75,0.75,1.0,0.25,3,4,Cl4
toc_uco_oc05_lev_586,toc_uco_oc05_lev,oc05_lev,0.0,1.0,1.0,0.5,3,4,Cl4
toc_uco_oc05_lev_587,toc_uco_oc05_lev,oc05_lev,1.0,0.0,1.0,0.25,3,4,Cl4
toc_uco_oc05_lev_588,toc_uco_oc05_lev,oc05_lev,1.0,0.5,1.0,0.75,3,4,Cl4
toc_uco_oc05_lev_589,toc_uco_oc05_lev,oc05_lev,1.0,0.75,0.5,0.0,3,4,Cl4
toc_uco_oc05_lev_590,toc_uco_oc05_lev,oc05_lev,0.0,1.0,1.0,1.0,3,4,Cl4
toc_uco_oc05_lev_591,toc_uco_oc05_lev,oc05_lev,0.0,1.0,0.5,0.75,3,4,Cl4
toc_uco_oc05_lev_592,toc_uco_oc05_lev,oc05_lev,0.0,1.0,1.0,0.5,3,4,Cl4
toc_uco_oc05_lev_593,toc_uco_oc05_lev,oc05_lev,1.0,0.5,1.0,0.75,3,4,Cl4
toc_uco_oc05_lev_594,toc_uco_oc05_lev,oc05_lev,0.75,1.0,0.5,0.5,3,4,Cl4
toc_uco_oc05_lev_595,toc_uco_oc05_lev,oc05_lev,0.5,1.0,0.75,0.5,3,4,Cl4
toc_uco_oc05_lev_596,toc_uco_oc05_lev,oc05_lev,0.5,0.75,0.5,1.0,3,4,Cl4
toc_uco_oc05_lev_597,toc_uco_oc05_lev,oc05_lev,0.75,1.0,0.25,0.5,3,4,Cl4
toc_uco_oc05_lev_598,toc_uco_oc05_lev,oc05_lev,1.0,0.75,1.0,0.75,3,4,Cl4
toc_uco_oc05_lev_599,toc_uco_oc05_lev,oc05_lev,0.5,1.0,0.75,0.5,3,4,Cl4
toc_uco_oc05_lev_600,toc_uco_oc05_lev,oc05_lev,1.0,0.25,0.25,1.0,3,4,Cl4
toc_uco_oc05_lev_601,toc_uco_oc05_lev,oc05_lev,0.5,1.0,0.75,0.5,3,4,Cl4
toc_uco_oc05_lev_602,toc_uco_oc05_lev,oc05_lev,0.0,0.5,0.75,0.75,3,4,Cl4
toc_uco_oc05_lev_603,toc_uco_oc05_lev,oc05_lev,0.5,1.0,0.25,0.0,3,4,Cl4
toc_uco_oc05_lev_604,toc_uco_oc05_lev,oc05_lev,0.0,1.0,1.0,1.0,3,4,Cl4
toc_uco_oc05_lev_605,toc_uco_oc05_lev,oc05_lev,0.0,0.5,1.0,1.0,3,4,Cl4
toc_uco_oc05_lev_606,toc_uco_oc05_lev,oc05_lev,0.75,1.0,1.0,0.0,3,4,Cl4
toc_uco_oc05_lev_607,toc_uco_oc05_lev,oc05_lev,1.0,0.75,0.5,0.0,3,4,Cl4
toc_uco_oc05_lev_608,toc_uco_oc05_lev,oc05_lev,0.75,0.75,0.0,0.75,3,4,Cl4
toc_uco_oc05_lev_609,toc_uco_oc05_lev,oc05_lev,0.0,1.0,0.5,0.75,3,4,Cl4
toc_uco_oc05_lev_610,toc_uco_oc05_lev,oc05_lev,1.0,0.0,1.0,0.25,3,4,Cl4
toc_uco_oc05_lev_611,toc_uco_oc05_lev,oc05_lev,0.5,1.0,0.75,0.5,3,4,Cl4
toc_uco_oc05_lev_612,toc_uco_oc05_lev,oc05_lev,0.5,1.0,0.75,0.5,3,4,Cl4
toc_uco_oc05_lev_613,toc_uco_oc05_lev,oc05_lev,1.0,0.5,1.0,0.5,3,4,Cl4
toc_uco_oc05_lev_614,toc_uco_oc05_lev,oc05_lev,0.25,1.0,0.0,1.0,3,4,Cl4
toc_uco_oc05_lev_615,toc_uco_oc05_lev,oc05_lev,0.5,1.0,0.0,0.75,3,4,Cl4
toc_uco_oc05_lev_616,toc_uco_oc05_lev,oc05_lev,0.5,1.0,0.0,0.5,3,4,Cl4
toc_uco_oc05_lev_617,toc_uco_oc05_lev,oc05_lev,0.5,0.5,0.75,0.75,3,4,Cl4
toc_uco_oc05_lev_618,toc_uco_oc05_lev,oc05_lev,0.5,1.0,0.25,0.0,3,4,Cl4
toc_uco_oc05_lev_619,toc_uco_oc05_lev,oc05_lev,0.5,1.0,0.0,0.75,3,4,Cl4
toc_uco_oc05_lev_620,toc_uco_oc05_lev,oc05_lev,0.75,0.75,1.0,0.25,3,4,Cl4
toc_uco_oc05_lev_621,toc_uco_oc05_lev,oc05_lev,1.0,0.25,0.75,0.25,3,4,Cl4
toc_uco_oc05_lev_622,toc_uco_oc05_lev,oc05_lev,0.5,0.75,0.5,1.0,3,4,Cl4
toc_uco_oc05_lev_623,toc_uco_oc05_lev,oc05_lev,0.5,0.75,0.5,1.0,3,4,Cl4
toc_uco_oc05_lev_624,toc_uco_oc05_lev,oc05_lev,0.5,1.0,0.5,0.25,3,4,Cl4
toc_uco_oc05_lev_625,toc_uco_oc05_lev,oc05_lev,0.0,1.0,1.0,0.25,3,4,Cl4
toc_uco_oc05_lev_626,toc_uco_oc05_lev,oc05_lev,1.0,0.5,1.0,0.75,3,4,Cl4
toc_uco_oc05_lev_627,toc_uco_oc05_lev,oc05_lev,0.5,1.0,1.0,1.0,3,4,Cl4
toc_uco_oc05_lev_628,toc_uco_oc05_lev,oc05_lev,1.0,0.5,1.0,0.75,3,4,Cl4
toc_uco_oc05_lev_629,toc_uco_oc05_lev,oc05_lev,0.0,1.0,1.0,0.5,3,4,Cl4
toc_uco_oc05_lev_630,toc_uco_oc05_lev,oc05_lev,0.5,0.5,0.75,0.75,3,4,Cl4
toc_uco_oc05_lev_631,toc_uco_oc05_lev,oc05_lev,0.75,1.0,1.0,0.0,3,4,Cl4
toc_uco_oc05_lev_632,toc_uco_oc05_lev,oc05_lev,0.25,1.0,0.5,0.25,3,4,Cl4
toc_uco_oc05_lev_633,toc_uco_oc05_lev,oc05_lev,0.0,1.0,1.0,0.25,3,4,Cl4
toc_uco_oc05_lev_634,toc_uco_oc05_lev,oc05_lev,0.5,1.0,0.75,0.5,3,4,Cl4
toc_uco_oc05_lev_635,toc_uco_oc05_lev,oc05_lev,0.5,1.0,0.5,0.25,3,4,Cl4
toc_uco_oc05_lev_636,toc_uco_oc05_lev,oc05_lev,0.5,0.0,1.0,0.75,3,4,Cl4
toc_uco_oc05_lev_637,toc_uco_oc05_lev,oc05_lev,1.0,0.5,1.0,0.75,3,4,Cl4
toc_uco_oc05_lev_638,toc_uco_oc05_lev,oc05_lev,0.5,0.5,0.75,0.75,3,4,Cl4
toc_uco_oc05_lev_639,toc_uco_oc05_lev,oc05_lev,0.75,0.75,1.0,0.25,3,4,Cl4
toc_uco_oc05_lev_640,toc_uco_oc05_lev,oc05_lev,0.5,0.5,0.75,0.75,3,4,Cl4
toc_uco_oc05_lev_641,toc_uco_oc05_lev,oc05_lev,1.0,0.5,1.0,0.5,3,4,Cl4
toc_uco_oc05_lev_642,toc_uco_oc05_lev,oc05_lev,0.0,1.0,1.0,1.0,3,4,Cl4
toc_uco_oc05_lev_643,toc_uco_oc05_lev,oc05_lev,0.75,1.0,0.75,0.0,3,4,Cl4
toc_uco_oc05_lev_644,toc_uco_oc05_lev,oc05_lev,0.75,0.75,1.0,0.25,3,4,Cl4
toc_uco_oc05_lev_645,toc_uco_oc05_lev,oc05_lev,0.75,0.75,1.0,0.25,3,4,Cl4
toc_uco_oc05_lev_646,toc_uco_oc05_lev,oc05_lev,0.0,1.0,1.0,0.5,3,4,Cl4
toc_uco_oc05_lev_647,toc_uco_oc05_lev,oc05_lev,0.0,1.0,0.25,0.75,3,4,Cl4
toc_uco_oc05_lev_648,toc_uco_oc05_lev,oc05_lev,0.75,1.0,0.75,0.0,3,4,Cl4
toc_uco_oc05_lev_649,toc_uco_oc05_lev,oc05_lev,0.0,1.0,1.0,0.5,3,4,Cl4
toc_uco_oc05_lev_650,toc_uco_oc05_lev,oc05_lev,0.75,0.75,1.0,0.25,3,4,Cl4
toc_uco_oc05_lev_651,toc_uco_oc05_lev,oc05_lev,0.75,0.75,0.0,0.75,3,4,Cl4
toc_uco_oc05_lev_652,toc_uco_oc05_lev,oc05_lev,0.0,1.0,1.0,0.5,3,4,Cl4
toc_uco_oc05_lev_653,toc_uco_oc05_lev,oc05_lev,0.5,1.0,0.0,0.75,3,4,Cl4
toc_uco_oc05_lev_654,toc_uco_oc05_lev,oc05_lev,0.5,0.5,1.0,0.25,3,4,Cl4
toc_uco_oc05_lev_655,toc_uco_oc05_lev,oc05_lev,0.25,1.0,0.0,1.0,3,4,Cl4
toc_uco_oc05_lev_656,toc_uco_oc05_lev,oc05_lev,0.75,0.75,0.0,0.75,3,4,Cl4
toc_uco_oc05_lev_657,toc_uco_oc05_lev,oc05_lev,0.75,1.0,0.25,0.5,3,4,Cl4
toc_uco_oc05_lev_658,toc_uco_oc05_lev,oc05_lev,0.5,1.0,1.0,1.0,3,4,Cl4
toc_uco_oc05_lev_659,toc_uco_oc05_lev,oc05_lev,1.0,0.75,0.5,0.0,3,4,Cl4
toc_uco_oc05_lev_660,toc_uco_oc05_lev,oc05_lev,1.0,0.75,0.5,0.0,3,4,Cl4
toc_uco_oc05_lev_661,toc_uco_oc05_lev,oc05_lev,0.75,0.75,0.0,0.75,3,4,Cl4
toc_uco_oc05_lev_662,toc_uco_oc05_lev,oc05_lev,0.5,1.0,1.0,1.0,3,4,Cl4
toc_uco_oc05_lev_663,toc_uco_oc05_lev,oc05_lev,0.5,1.0,0.75,0.5,3,4,Cl4
toc_uco_oc05_lev_664,toc_uco_oc05_lev,oc05_lev,1.0,0.5,1.0,0.5,3,4,Cl4
toc_uco_oc05_lev_665,toc_uco_oc05_lev,oc05_lev,0.5,0.75,1.0,0.5,3,4,Cl4
toc_uco_oc05_lev_666,toc_uco_oc05_lev,oc05_lev,0.0,1.0,0.5,0.75,3,4,Cl4
toc_uco_oc05_lev_667,toc_uco_oc05_lev,oc05_lev,0.75,0.75,0.0,0.5,3,4,Cl4
toc_uco_oc05_lev_668,toc_uco_oc05_lev,oc05_lev,0.75,1.0,0.75,0.0,3,4,Cl4
toc_uco_oc05_lev_669,toc_uco_oc05_lev,oc05_lev,0.75,0.75,0.0,0.75,3,4,Cl4
toc_uco_oc05_lev_670,toc_uco_oc05_lev,oc05_lev,0.75,0.75,0.0,0.5,3,4,Cl4
toc_uco_oc05_lev_671,toc_uco_oc05_lev,oc05_lev,0.75,1.0,0.5,0.5,3,4,Cl4
toc_uco_oc05_lev_672,toc_uco_oc05_lev,oc05_lev,0.75,0.75,0.0,0.75,3,4,Cl4
toc_uco_oc05_lev_673,toc_uco_oc05_lev,oc05_lev,0.75,0.75,1.0,0.25,3,4,Cl4
toc_uco_oc05_lev_674,toc_uco_oc05_lev,oc05_lev,0.5,0.75,1.0,0.5,3,4,Cl4
toc_uco_oc05_lev_675,toc_uco_oc05_lev,oc05_lev,1.0,0.5,0.75,0.0,3,4,Cl4
toc_uco_oc05_lev_676,toc_uco_oc05_lev,oc05_lev,0.75,0.75,0.0,0.75,3,4,Cl4
toc_uco_oc05_lev_677,toc_uco_oc05_lev,oc05_lev,0.75,1.0,0.5,0.5,3,4,Cl4
toc_uco_oc05_lev_678,toc_uco_oc05_lev,oc05_lev,0.5,0.75,0.5,0.75,3,4,Cl4
toc_uco_oc05_lev_679,toc_uco_oc05_lev,oc05_lev,0.5,0.75,0.5,1.0,3,4,Cl4
toc_uco_oc05_lev_680,toc_uco_oc05_lev,oc05_lev,1.0,0.0,1.0,0.25,3,4,Cl4
toc_uco_oc05_lev_681,toc_uco_oc05_lev,oc05_lev,0.0,0.75,0.75,0.0,3,4,Cl4
toc_uco_oc05_lev_682,toc_uco_oc05_lev,oc05_lev,1.0,0.5,1.0,0.5,3,4,Cl4
toc_uco_oc05_lev_683,toc_uco_oc05_lev,oc05_lev,0.0,1.0,0.5,0.75,3,4,Cl4
toc_uco_oc05_lev_684,toc_uco_oc05_lev,oc05_lev,0.5,1.0,0.5,0.25,3,4,Cl4
toc_uco_oc05_lev_685,toc_uco_oc05_lev,oc05_lev,1.0,0.0,0.0,1.0,3,4,Cl4
toc_uco_oc05_lev_686,toc_uco_oc05_lev,oc05_lev,0.5,1.0,0.0,0.75,3,4,Cl4
toc_uco_oc05_lev_687,toc_uco_oc05_lev,oc05_lev,0.75,0.75,0.0,0.75,3,4,Cl4
toc_uco_oc05_lev_688,toc_uco_oc05_lev,oc05_lev,0.75,1.0,1.0,0.0,3,4,Cl4
toc_uco_oc05_lev_689,toc_uco_oc05_lev,oc05_lev,1.0,0.75,1.0,0.75,3,4,Cl4
toc_uco_oc05_lev_690,toc_uco_oc05_lev,oc05_lev,0.75,0.5,0.5,1.0,3,4,Cl4
toc_uco_oc05_lev_691,toc_uco_oc05_lev,oc05_lev,0.0,1.0,1.0,0.5,3,4,Cl4
toc_uco_oc05_lev_692,toc_uco_oc05_lev,oc05_lev,0.0,1.0,1.0,0.5,3,4,Cl4
toc_uco_oc05_lev_693,toc_uco_oc05_lev,oc05_lev,0.75,1.0,0.75,0.0,3,4,Cl4
toc_uco_oc05_lev_694,toc_uco_oc05_lev,oc05_lev,0.75,1.0,1.0,0.0,3,4,Cl4
toc_uco_oc05_lev_695,toc_uco_oc05_lev,oc05_lev,0.0,0.75,1.0,1.0,3,4,Cl4
toc_uco_oc05_lev_696,toc_uco_oc05_lev,oc05_lev,0.0,0.75,1.0,0.0,3,4,Cl4
toc_uco_oc05_lev_697,toc_uco_oc05_lev,oc05_lev,0.0,1.0,1.0,0.25,3,4,Cl4
toc_uco_oc05_lev_698,toc_uco_oc05_lev,oc05_lev,0.75,0.75,0.0,0.5,3,4,Cl4
toc_uco_oc05_lev_699,toc_uco_oc05_lev,oc05_lev,0.75,0.75,0.75,0.25,3,4,Cl4
toc_uco_oc05_lev_700,toc_uco_oc05_lev,oc05_lev,0.25,1.0,0.5,0.25,3,4,Cl4
toc_uco_oc05_lev_701,toc_uco_oc05_lev,oc05_lev,0.5,1.0,0.0,0.75,3,4,Cl4
toc_uco_oc05_lev_702,toc_uco_oc05_lev,oc05_lev,1.0,0.0,0.0,0.5,3,4,Cl4
toc_uco_oc05_lev_703,toc_uco_oc05_lev,oc05_lev,0.5,1.0,0.0,0.75,3,4,Cl4
toc_uco_oc05_lev_704,toc_uco_oc05_lev,oc05_lev,0.5,0.5,0.5,0.75,3,4,Cl4
toc_uco_oc05_lev_705,toc_uco_oc05_lev,oc05_lev,0.75,1.0,1.0,0.0,3,4,Cl4
toc_uco_oc05_lev_706,toc_uco_oc05_lev,oc05_lev,0.75,1.0,0.5,0.5,3,4,Cl4
toc_uco_oc05_lev_707,toc_uco_oc05_lev,oc05_lev,0.0,0.75,1.0,1.0,3,4,Cl4
toc_uco_oc05_lev_708,toc_uco_oc05_lev,oc05_lev,1.0,0.75,1.0,0.75,3,4,Cl4
toc_uco_oc05_lev_709,toc_uco_oc05_lev,oc05_lev,0.25,1.0,0.0,1.0,3,4,Cl4
toc_uco_oc05_lev_710,toc_uco_oc05_lev,oc05_lev,0.75,0.5,0.5,1.0,3,4,Cl4
toc_uco_oc05_lev_711,toc_uco_oc05_lev,oc05_lev,0.0,1.0,1.0,0.5,3,4,Cl4
toc_uco_oc05_lev_712,toc_uco_oc05_lev,oc05_lev,1.0,0.25,0.75,0.25,3,4,Cl4
toc_uco_oc05_lev_713,toc_uco_oc05_lev,oc05_lev,0.25,1.0,0.5,0.25,3,4,Cl4
toc_uco_oc05_lev_714,toc_uco_oc05_lev,oc05_lev,0.75,0.75,1.0,0.25,3,4,Cl4
toc_uco_oc05_lev_715,toc_uco_oc05_lev,oc05_lev,0.75,1.0,1.0,0.0,3,4,Cl4
toc_uco_oc05_lev_716,toc_uco_oc05_lev,oc05_lev,0.5,0.5,0.75,0.75,3,4,Cl4
toc_uco_oc05_lev_717,toc_uco_oc05_lev,oc05_lev,0.75,0.75,0.0,0.5,3,4,Cl4
toc_uco_oc05_lev_718,toc_uco_oc05_lev,oc05_lev,0.75,0.75,1.0,0.25,3,4,Cl4
toc_uco_oc05_lev_719,toc_uco_oc05_lev,oc05_lev,0.5,0.75,0.5,0.75,3,4,Cl4
toc_uco_oc05_lev_720,toc_uco_oc05_lev,oc05_lev,0.0,0.75,1.0,0.0,3,4,Cl4
toc_uco_oc05_lev_721,toc_uco_oc05_lev,oc05_lev,0.5,1.0,0.0,0.75,3,4,Cl4
toc_uco_oc05_lev_722,toc_uco_oc05_lev,oc05_lev,0.0,1.0,1.0,1.0,3,4,Cl4
toc_uco_oc05_lev_723,toc_uco_oc05_lev,oc05_lev,0.5,0.75,0.5,0.75,3,4,Cl4
toc_uco_oc05_lev_724,toc_uco_oc05_lev,oc05_lev,0.75,0.75,0.75,0.25,3,4,Cl4
toc_uco_oc05_lev_725,toc_uco_oc05_lev,oc05_lev,0.75,1.0,1.0,0.0,3,4,Cl4
toc_uco_oc05_lev_726,toc_uco_oc05_lev,oc05_lev,0.0,1.0,1.0,0.5,3,4,Cl4
toc_uco_oc05_lev_727,toc_uco_oc05_lev,oc05_lev,0.0,1.0,1.0,1.0,3,4,Cl4
toc_uco_oc05_lev_728,toc_uco_oc05_lev,oc05_lev,0.5,1.0,0.75,0.5,3,4,Cl4
toc_uco_oc05_lev_729,toc_uco_oc05_lev,oc05_lev,0.5,0.75,1.0,0.5,3,4,Cl4
toc_uco_oc05_lev_730,toc_uco_oc05_lev,oc05_lev,0.75,0.75,0.0,0.5,3,4,Cl4
toc_uco_oc05_lev_731,toc_uco_oc05_lev,oc05_lev,0.75,1.0,1.0,0.0,4,5,Cl5
toc_uco_oc05_lev_732,toc_uco_oc05_lev,oc05_lev,0.75,1.0,0.75,0.0,4,5,Cl5
toc_uco_oc05_lev_733,toc_uco_oc05_lev,oc05_lev,0.0,1.0,1.0,1.0,4,5,Cl5
toc_uco_oc05_lev_734,toc_uco_oc05_lev,oc05_lev,0.5,1.0,1.0,1.0,4,5,Cl5
toc_uco_oc05_lev_735,toc_uco_oc05_lev,oc05_lev,1.0,0.0,1.0,0.75,4,5,Cl5
toc_uco_oc05_lev_736,toc_uco_oc05_lev,oc05_lev,0.75,1.0,0.5,0.5,4,5,Cl5
toc_uco_oc05_lev_737,toc_uco_oc05_lev,oc05_lev,0.5,0.75,0.5,1.0,4,5,Cl5
toc_uco_oc05_lev_738,toc_uco_oc05_lev,oc05_lev,1.0,0.0,1.0,0.75,4,5,Cl5
toc_uco_oc05_lev_739,toc_uco_oc05_lev,oc05_lev,1.0,0.75,1.0,0.75,4,5,Cl5
toc_uco_oc05_lev_740,toc_uco_oc05_lev,oc05_lev,0.75,1.0,0.75,0.0,4,5,Cl5
toc_uco_oc05_lev_741,toc_uco_oc05_lev,oc05_lev,0.5,1.0,0.75,0.5,4,5,Cl5
toc_uco_oc05_lev_742,toc_uco_oc05_lev,oc05_lev,0.75,1.0,0.25,0.5,4,5,Cl5
toc_uco_oc05_lev_743,toc_uco_oc05_lev,oc05_lev,0.5,0.75,0.5,0.75,4,5,Cl5
toc_uco_oc05_lev_744,toc_uco_oc05_lev,oc05_lev,1.0,0.0,1.0,0.75,4,5,Cl5
toc_uco_oc05_lev_745,toc_uco_oc05_lev,oc05_lev,0.75,1.0,0.75,0.0,4,5,Cl5
toc_uco_oc05_lev_746,toc_uco_oc05_lev,oc05_lev,0.25,0.0,1.0,1.0,4,5,Cl5
toc_uco_oc05_lev_747,toc_uco_oc05_lev,oc05_lev,1.0,0.75,1.0,0.75,4,5,Cl5
toc_uco_oc05_lev_748,toc_uco_oc05_lev,oc05_lev,0.5,1.0,1.0,1.0,4,5,Cl5
toc_uco_oc05_lev_749,toc_uco_oc05_lev,oc05_lev,0.0,1.0,1.0,0.5,4,5,Cl5
toc_uco_oc05_lev_750,toc_uco_oc05_lev,oc05_lev,0.0,1.0,1.0,1.0,4,5,Cl5
toc_uco_oc05_lev_751,toc_uco_oc05_lev,oc05_lev,0.0,0.5,0.0,0.0,0,1,Cl1
toc_uco_oc05_lev_752,toc_uco_oc05_lev,oc05_lev,0.0,0.25,0.25,0.0,0,1,Cl1
toc_uco_oc05_lev_753,toc_uco_oc05_lev,oc05_lev,0.0,0.0,0.75,0.0,0,1,Cl1
toc_uco_oc05_lev_754,toc_uco_oc05_lev,oc05_lev,0.0,1.0,0.25,0.75,0,1,Cl1
toc_uco_oc05_lev_755,toc_uco_oc05_lev,oc05_lev,0.25,0.0,0.5,0.0,0,1,Cl1
toc_uco_oc05_lev_756,toc_uco_oc05_lev,oc05_lev,1.0,0.0,0.0,1.0,0,1,Cl1
toc_uco_oc05_lev_757,toc_uco_oc05_lev,oc05_lev,0.0,0.0,0.75,0.0,0,1,Cl1
toc_uco_oc05_lev_758,toc_uco_oc05_lev,oc05_lev,0.0,0.0,1.0,0.0,0,1,Cl1
toc_uco_oc05_lev_759,toc_uco_oc05_lev,oc05_lev,0.75,0.75,0.0,0.75,0,1,Cl1
toc_uco_oc05_lev_760,toc_uco_oc05_lev,oc05_lev,0.0,0.5,0.75,0.75,0,1,Cl1
toc_uco_oc05_lev_761,toc_uco_oc05_lev,oc05_lev,0.0,0.25,0.5,0.75,0,1,Cl1
toc_uco_oc05_lev_762,toc_uco_oc05_lev,oc05_lev,0.0,0.5,0.0,0.0,0,1,Cl1
toc_uco_oc05_lev_763,toc_uco_oc05_lev,oc05_lev,0.0,0.0,0.25,1.0,0,1,Cl1
toc_uco_oc05_lev_764,toc_uco_oc05_lev,oc05_lev,0.0,0.5,0.0,0.0,0,1,Cl1
toc_uco_oc05_lev_765,toc_uco_oc05_lev,oc05_lev,0.0,0.0,0.75,0.0,0,1,Cl1
toc_uco_oc05_lev_766,toc_uco_oc05_lev,oc05_lev,0.0,0.5,0.0,0.0,0,1,Cl1
toc_uco_oc05_lev_767,toc_uco_oc05_lev,oc05_lev,0.0,0.0,0.25,1.0,0,1,Cl1
toc_uco_oc05_lev_768,toc_uco_oc05_lev,oc05_lev,0.0,0.5,0.0,0.0,0,1,Cl1
toc_uco_oc05_lev_769,toc_uco_oc05_lev,oc05_lev,0.25,0.0,0.75,0.25,0,1,Cl1
toc_uco_oc05_lev_770,toc_uco_oc05_lev,oc05_lev,0.5,0.0,0.0,0.0,0,1,Cl1
toc_uco_oc05_lev_771,toc_uco_oc05_lev,oc05_lev,0.0,0.0,1.0,0.0,0,1,Cl1
toc_uco_oc05_lev_772,toc_uco_oc05_lev,oc05_lev,0.25,0.0,0.25,0.25,0,1,Cl1
toc_uco_oc05_lev_773,toc_uco_oc05_lev,oc05_lev,0.25,0.0,0.75,0.25,0,1,Cl1
toc_uco_oc05_lev_774,toc_uco_oc05_lev,oc05_lev,0.25,0.25,1.0,0.25,1,2,Cl2
toc_uco_oc05_lev_775,toc_uco_oc05_lev,oc05_lev,0.5,0.25,0.5,0.75,1,2,Cl2
toc_uco_oc05_lev_776,toc_uco_oc05_lev,oc05_lev,0.5,0.0,0.5,0.5,1,2,Cl2
toc_uco_oc05_lev_777,toc_uco_oc05_lev,oc05_lev,0.0,0.25,1.0,0.75,1,2,Cl2
toc_uco_oc05_lev_778,toc_uco_oc05_lev,oc05_lev,1.0,0.0,0.0,0.5,1,2,Cl2
toc_uco_oc05_lev_779,toc_uco_oc05_lev,oc05_lev,0.75,0.25,0.5,0.0,1,2,Cl2
toc_uco_oc05_lev_780,toc_uco_oc05_lev,oc05_lev,0.75,1.0,0.5,0.5,1,2,Cl2
toc_uco_oc05_lev_781,toc_uco_oc05_lev,oc05_lev,0.0,0.5,0.0,0.0,1,2,Cl2
toc_uco_oc05_lev_782,toc_uco_oc05_lev,oc05_lev,0.0,0.0,0.25,1.0,1,2,Cl2
toc_uco_oc05_lev_783,toc_uco_oc05_lev,oc05_lev,0.0,0.25,1.0,0.75,1,2,Cl2
toc_uco_oc05_lev_784,toc_uco_oc05_lev,oc05_lev,0.0,0.5,0.0,0.0,1,2,Cl2
toc_uco_oc05_lev_785,toc_uco_oc05_lev,oc05_lev,0.5,0.25,0.5,0.0,1,2,Cl2
toc_uco_oc05_lev_786,toc_uco_oc05_lev,oc05_lev,0.25,0.5,0.0,1.0,1,2,Cl2
toc_uco_oc05_lev_787,toc_uco_oc05_lev,oc05_lev,0.5,0.0,0.5,0.5,1,2,Cl2
toc_uco_oc05_lev_788,toc_uco_oc05_lev,oc05_lev,0.0,0.5,0.0,0.0,1,2,Cl2
toc_uco_oc05_lev_789,toc_uco_oc05_lev,oc05_lev,1.0,0.25,0.0,0.5,1,2,Cl2
toc_uco_oc05_lev_790,toc_uco_oc05_lev,oc05_lev,0.5,0.0,0.5,0.5,1,2,Cl2
toc_uco_oc05_lev_791,toc_uco_oc05_lev,oc05_lev,0.25,0.25,0.25,0.5,1,2,Cl2
toc_uco_oc05_lev_792,toc_uco_oc05_lev,oc05_lev,0.0,0.5,0.0,0.0,1,2,Cl2
toc_uco_oc05_lev_793,toc_uco_oc05_lev,oc05_lev,0.0,0.25,0.5,0.75,1,2,Cl2
toc_uco_oc05_lev_794,toc_uco_oc05_lev,oc05_lev,0.0,0.75,1.0,0.0,1,2,Cl2
toc_uco_oc05_lev_795,toc_uco_oc05_lev,oc05_lev,0.0,0.0,0.25,1.0,1,2,Cl2
toc_uco_oc05_lev_796,toc_uco_oc05_lev,oc05_lev,0.0,0.5,0.0,0.0,1,2,Cl2
toc_uco_oc05_lev_797,toc_uco_oc05_lev,oc05_lev,0.5,0.25,0.25,0.5,1,2,Cl2
toc_uco_oc05_lev_798,toc_uco_oc05_lev,oc05_lev,1.0,0.5,0.75,0.0,1,2,Cl2
toc_uco_oc05_lev_799,toc_uco_oc05_lev,oc05_lev,0.25,0.25,0.25,0.5,1,2,Cl2
toc_uco_oc05_lev_800,toc_uco_oc05_lev,oc05_lev,0.5,0.0,1.0,0.75,1,2,Cl2
toc_uco_oc05_lev_801,toc_uco_oc05_lev,oc05_lev,0.0,0.5,0.25,0.75,1,2,Cl2
toc_uco_oc05_lev_802,toc_uco_oc05_lev,oc05_lev,0.25,0.0,0.5,0.0,1,2,Cl2
toc_uco_oc05_lev_803,toc_uco_oc05_lev,oc05_lev,0.75,0.0,0.5,1.0,1,2,Cl2
toc_uco_oc05_lev_804,toc_uco_oc05_lev,oc05_lev,0.5,0.5,0.0,0.0,1,2,Cl2
toc_uco_oc05_lev_805,toc_uco_oc05_lev,oc05_lev,0.25,0.5,0.75,0.0,1,2,Cl2
toc_uco_oc05_lev_806,toc_uco_oc05_lev,oc05_lev,0.0,0.0,0.75,0.0,1,2,Cl2
toc_uco_oc05_lev_807,toc_uco_oc05_lev,oc05_lev,0.25,0.0,0.5,0.5,1,2,Cl2
toc_uco_oc05_lev_808,toc_uco_oc05_lev,oc05_lev,0.5,0.25,0.25,0.5,1,2,Cl2
toc_uco_oc05_lev_809,toc_uco_oc05_lev,oc05_lev,0.5,0.25,0.0,0.5,1,2,Cl2
toc_uco_oc05_lev_810,toc_uco_oc05_lev,oc05_lev,0.0,0.5,0.0,0.25,1,2,Cl2
toc_uco_oc05_lev_811,toc_uco_oc05_lev,oc05_lev,0.25,0.25,1.0,0.5,1,2,Cl2
toc_uco_oc05_lev_812,toc_uco_oc05_lev,oc05_lev,1.0,0.25,0.0,0.5,1,2,Cl2
toc_uco_oc05_lev_813,toc_uco_oc05_lev,oc05_lev,0.25,0.25,1.0,0.5,1,2,Cl2
toc_uco_oc05_lev_814,toc_uco_oc05_lev,oc05_lev,0.25,0.75,0.0,0.25,1,2,Cl2
toc_uco_oc05_lev_815,toc_uco_oc05_lev,oc05_lev,0.0,0.5,0.0,0.25,1,2,Cl2
toc_uco_oc05_lev_816,toc_uco_oc05_lev,oc05_lev,0.0,0.5,0.0,0.0,1,2,Cl2
toc_uco_oc05_lev_817,toc_uco_oc05_lev,oc05_lev,1.0,0.5,0.75,0.25,1,2,Cl2
toc_uco_oc05_lev_818,toc_uco_oc05_lev,oc05_lev,1.0,0.0,1.0,0.25,1,2,Cl2
toc_uco_oc05_lev_819,toc_uco_oc05_lev,oc05_lev,0.25,0.25,1.0,0.25,1,2,Cl2
toc_uco_oc05_lev_820,toc_uco_oc05_lev,oc05_lev,0.5,0.25,0.0,0.5,1,2,Cl2
toc_uco_oc05_lev_821,toc_uco_oc05_lev,oc05_lev,0.5,0.25,0.25,0.5,1,2,Cl2
toc_uco_oc05_lev_822,toc_uco_oc05_lev,oc05_lev,0.5,0.25,0.5,0.0,1,2,Cl2
toc_uco_oc05_lev_823,toc_uco_oc05_lev,oc05_lev,0.75,0.25,0.5,0.0,1,2,Cl2
toc_uco_oc05_lev_824,toc_uco_oc05_lev,oc05_lev,1.0,0.25,0.0,0.5,1,2,Cl2
toc_uco_oc05_lev_825,toc_uco_oc05_lev,oc05_lev,0.25,0.25,1.0,0.25,1,2,Cl2
toc_uco_oc05_lev_826,toc_uco_oc05_lev,oc05_lev,1.0,0.25,0.25,1.0,1,2,Cl2
toc_uco_oc05_lev_827,toc_uco_oc05_lev,oc05_lev,1.0,0.75,0.5,0.0,1,2,Cl2
toc_uco_oc05_lev_828,toc_uco_oc05_lev,oc05_lev,0.25,0.75,0.0,0.25,1,2,Cl2
toc_uco_oc05_lev_829,toc_uco_oc05_lev,oc05_lev,0.25,0.25,1.0,0.5,1,2,Cl2
toc_uco_oc05_lev_830,toc_uco_oc05_lev,oc05_lev,0.25,0.0,0.75,0.25,1,2,Cl2
toc_uco_oc05_lev_831,toc_uco_oc05_lev,oc05_lev,0.25,0.25,1.0,0.5,1,2,Cl2
toc_uco_oc05_lev_832,toc_uco_oc05_lev,oc05_lev,0.75,0.25,0.5,0.0,1,2,Cl2
toc_uco_oc05_lev_833,toc_uco_oc05_lev,oc05_lev,0.0,0.25,0.5,0.5,1,2,Cl2
toc_uco_oc05_lev_834,toc_uco_oc05_lev,oc05_lev,0.5,0.25,0.25,0.5,1,2,Cl2
toc_uco_oc05_lev_835,toc_uco_oc05_lev,oc05_lev,0.75,0.25,0.5,0.0,1,2,Cl2
toc_uco_oc05_lev_836,toc_uco_oc05_lev,oc05_lev,0.75,0.25,0.5,0.0,1,2,Cl2
toc_uco_oc05_lev_837,toc_uco_oc05_lev,oc05_lev,0.5,0.0,0.75,1.0,1,2,Cl2
toc_uco_oc05_lev_838,toc_uco_oc05_lev,oc05_lev,0.25,0.75,0.0,0.25,1,2,Cl2
toc_uco_oc05_lev_839,toc_uco_oc05_lev,oc05_lev,0.5,0.0,1.0,0.75,1,2,Cl2
toc_uco_oc05_lev_840,toc_uco_oc05_lev,oc05_lev,0.25,0.5,0.5,0.25,1,2,Cl2
toc_uco_oc05_lev_841,toc_uco_oc05_lev,oc05_lev,0.25,0.25,1.0,0.5,1,2,Cl2
toc_uco_oc05_lev_842,toc_uco_oc05_lev,oc05_lev,0.5,0.25,0.0,0.5,1,2,Cl2
toc_uco_oc05_lev_843,toc_uco_oc05_lev,oc05_lev,0.5,0.25,0.5,0.75,1,2,Cl2
toc_uco_oc05_lev_844,toc_uco_oc05_lev,oc05_lev,0.0,0.75,0.5,1.0,2,3,Cl3
toc_uco_oc05_lev_845,toc_uco_oc05_lev,oc05_lev,0.0,1.0,1.0,0.5,2,3,Cl3
toc_uco_oc05_lev_846,toc_uco_oc05_lev,oc05_lev,0.5,1.0,1.0,1.0,2,3,Cl3
toc_uco_oc05_lev_847,toc_uco_oc05_lev,oc05_lev,0.5,1.0,0.0,0.75,2,3,Cl3
toc_uco_oc05_lev_848,toc_uco_oc05_lev,oc05_lev,0.5,0.5,0.75,0.75,2,3,Cl3
toc_uco_oc05_lev_849,toc_uco_oc05_lev,oc05_lev,0.5,0.5,0.0,0.0,2,3,Cl3
toc_uco_oc05_lev_850,toc_uco_oc05_lev,oc05_lev,0.0,1.0,1.0,0.5,2,3,Cl3
toc_uco_oc05_lev_851,toc_uco_oc05_lev,oc05_lev,0.5,0.5,0.75,0.75,2,3,Cl3
toc_uco_oc05_lev_852,toc_uco_oc05_lev,oc05_lev,0.25,0.5,1.0,0.5,2,3,Cl3
toc_uco_oc05_lev_853,toc_uco_oc05_lev,oc05_lev,0.5,1.0,0.25,0.0,2,3,Cl3
toc_uco_oc05_lev_854,toc_uco_oc05_lev,oc05_lev,0.0,0.5,0.75,0.75,2,3,Cl3
toc_uco_oc05_lev_855,toc_uco_oc05_lev,oc05_lev,1.0,0.5,1.0,0.5,2,3,Cl3
toc_uco_oc05_lev_856,toc_uco_oc05_lev,oc05_lev,1.0,0.75,0.5,0.0,2,3,Cl3
toc_uco_oc05_lev_857,toc_uco_oc05_lev,oc05_lev,0.0,0.5,0.75,0.75,2,3,Cl3
toc_uco_oc05_lev_858,toc_uco_oc05_lev,oc05_lev,0.0,0.5,1.0,1.0,2,3,Cl3
toc_uco_oc05_lev_859,toc_uco_oc05_lev,oc05_lev,0.25,0.5,0.75,0.5,2,3,Cl3
toc_uco_oc05_lev_860,toc_uco_oc05_lev,oc05_lev,0.5,0.5,1.0,0.25,2,3,Cl3
toc_uco_oc05_lev_861,toc_uco_oc05_lev,oc05_lev,0.0,1.0,0.5,0.75,2,3,Cl3
toc_uco_oc05_lev_862,toc_uco_oc05_lev,oc05_lev,0.5,0.5,0.0,0.0,2,3,Cl3
toc_uco_oc05_lev_863,toc_uco_oc05_lev,oc05_lev,0.5,0.5,0.5,0.75,2,3,Cl3
toc_uco_oc05_lev_864,toc_uco_oc05_lev,oc05_lev,0.5,0.0,0.5,0.5,2,3,Cl3
toc_uco_oc05_lev_865,toc_uco_oc05_lev,oc05_lev,0.5,0.25,0.5,0.75,2,3,Cl3
toc_uco_oc05_lev_866,toc_uco_oc05_lev,oc05_lev,0.0,0.5,0.25,0.5,2,3,Cl3
toc_uco_oc05_lev_867,toc_uco_oc05_lev,oc05_lev,0.5,0.5,0.0,1.0,2,3,Cl3
toc_uco_oc05_lev_868,toc_uco_oc05_lev,oc05_lev,0.5,0.5,0.0,1.0,2,3,Cl3
toc_uco_oc05_lev_869,toc_uco_oc05_lev,oc05_lev,0.5,0.5,0.75,0.75,2,3,Cl3
toc_uco_oc05_lev_870,toc_uco_oc05_lev,oc05_lev,0.0,0.5,0.25,0.5,2,3,Cl3
toc_uco_oc05_lev_871,toc_uco_oc05_lev,oc05_lev,0.25,0.5,0.5,0.75,2,3,Cl3
toc_uco_oc05_lev_872,toc_uco_oc05_lev,oc05_lev,0.75,1.0,0.75,0.0,2,3,Cl3
toc_uco_oc05_lev_873,toc_uco_oc05_lev,oc05_lev,1.0,0.0,0.0,1.0,2,3,Cl3
toc_uco_oc05_lev_874,toc_uco_oc05_lev,oc05_lev,0.5,0.5,0.25,1.0,2,3,Cl3
toc_uco_oc05_lev_875,toc_uco_oc05_lev,oc05_lev,0.5,1.0,0.0,0.5,2,3,Cl3
toc_uco_oc05_lev_876,toc_uco_oc05_lev,oc05_lev,0.0,0.25,0.5,0.75,2,3,Cl3
toc_uco_oc05_lev_877,toc_uco_oc05_lev,oc05_lev,1.0,0.25,0.25,1.0,2,3,Cl3
toc_uco_oc05_lev_878,toc_uco_oc05_lev,oc05_lev,0.5,0.5,0.75,0.75,2,3,Cl3
toc_uco_oc05_lev_879,toc_uco_oc05_lev,oc05_lev,0.5,0.75,0.5,0.75,2,3,Cl3
toc_uco_oc05_lev_880,toc_uco_oc05_lev,oc05_lev,0.5,0.25,0.5,0.0,2,3,Cl3
toc_uco_oc05_lev_881,toc_uco_oc05_lev,oc05_lev,0.5,0.5,0.0,1.0,2,3,Cl3
toc_uco_oc05_lev_882,toc_uco_oc05_lev,oc05_lev,0.5,0.5,0.0,1.0,2,3,Cl3
toc_uco_oc05_lev_883,toc_uco_oc05_lev,oc05_lev,1.0,0.5,1.0,0.5,2,3,Cl3
toc_uco_oc05_lev_884,toc_uco_oc05_lev,oc05_lev,0.5,0.5,0.75,0.75,2,3,Cl3
toc_uco_oc05_lev_885,toc_uco_oc05_lev,oc05_lev,1.0,0.75,0.5,0.0,2,3,Cl3
toc_uco_oc05_lev_886,toc_uco_oc05_lev,oc05_lev,1.0,0.25,0.25,1.0,2,3,Cl3
toc_uco_oc05_lev_887,toc_uco_oc05_lev,oc05_lev,1.0,0.25,0.75,0.25,2,3,Cl3
toc_uco_oc05_lev_888,toc_uco_oc05_lev,oc05_lev,0.5,0.75,0.5,1.0,2,3,Cl3
toc_uco_oc05_lev_889,toc_uco_oc05_lev,oc05_lev,0.0,0.5,1.0,1.0,2,3,Cl3
toc_uco_oc05_lev_890,toc_uco_oc05_lev,oc05_lev,1.0,0.25,0.75,0.25,2,3,Cl3
toc_uco_oc05_lev_891,toc_uco_oc05_lev,oc05_lev,0.25,1.0,0.0,1.0,2,3,Cl3
toc_uco_oc05_lev_892,toc_uco_oc05_lev,oc05_lev,0.0,0.0,0.25,1.0,2,3,Cl3
toc_uco_oc05_lev_893,toc_uco_oc05_lev,oc05_lev,1.0,0.25,0.75,0.25,2,3,Cl3
toc_uco_oc05_lev_894,toc_uco_oc05_lev,oc05_lev,0.5,1.0,0.0,0.75,2,3,Cl3
toc_uco_oc05_lev_895,toc_uco_oc05_lev,oc05_lev,0.0,0.5,1.0,1.0,2,3,Cl3
toc_uco_oc05_lev_896,toc_uco_oc05_lev,oc05_lev,1.0,0.25,0.0,0.5,2,3,Cl3
toc_uco_oc05_lev_897,toc_uco_oc05_lev,oc05_lev,0.25,0.5,0.75,0.0,2,3,Cl3
toc_uco_oc05_lev_898,toc_uco_oc05_lev,oc05_lev,0.75,0.25,0.5,0.5,2,3,Cl3
toc_uco_oc05_lev_899,toc_uco_oc05_lev,oc05_lev,0.5,1.0,0.25,0.0,2,3,Cl3
toc_uco_oc05_lev_900,toc_uco_oc05_lev,oc05_lev,0.25,1.0,0.5,0.25,2,3,Cl3
toc_uco_oc05_lev_901,toc_uco_oc05_lev,oc05_lev,0.25,1.0,0.5,0.25,2,3,Cl3
toc_uco_oc05_lev_902,toc_uco_oc05_lev,oc05_lev,0.25,1.0,0.0,1.0,2,3,Cl3
toc_uco_oc05_lev_903,toc_uco_oc05_lev,oc05_lev,0.25,0.5,1.0,0.5,2,3,Cl3
toc_uco_oc05_lev_904,toc_uco_oc05_lev,oc05_lev,1.0,0.0,0.0,0.5,2,3,Cl3
toc_uco_oc05_lev_905,toc_uco_oc05_lev,oc05_lev,0.25,0.5,0.0,1.0,2,3,Cl3
toc_uco_oc05_lev_906,toc_uco_oc05_lev,oc05_lev,0.5,0.5,0.0,1.0,2,3,Cl3
toc_uco_oc05_lev_907,toc_uco_oc05_lev,oc05_lev,0.5,0.75,1.0,0.5,2,3,Cl3
toc_uco_oc05_lev_908,toc_uco_oc05_lev,oc05_lev,0.5,0.5,0.5,0.75,2,3,Cl3
toc_uco_oc05_lev_909,toc_uco_oc05_lev,oc05_lev,1.0,0.25,0.75,0.25,2,3,Cl3
toc_uco_oc05_lev_910,toc_uco_oc05_lev,oc05_lev,0.0,1.0,0.5,0.75,2,3,Cl3
toc_uco_oc05_lev_911,toc_uco_oc05_lev,oc05_lev,0.5,0.25,0.0,0.5,2,3,Cl3
toc_uco_oc05_lev_912,toc_uco_oc05_lev,oc05_lev,1.0,0.5,0.75,0.0,2,3,Cl3
toc_uco_oc05_lev_913,toc_uco_oc05_lev,oc05_lev,0.5,0.5,0.75,0.5,2,3,Cl3
toc_uco_oc05_lev_914,toc_uco_oc05_lev,oc05_lev,0.5,1.0,0.0,0.5,2,3,Cl3
toc_uco_oc05_lev_915,toc_uco_oc05_lev,oc05_lev,1.0,0.25,0.75,0.25,2,3,Cl3
toc_uco_oc05_lev_916,toc_uco_oc05_lev,oc05_lev,0.0,1.0,1.0,0.5,2,3,Cl3
toc_uco_oc05_lev_917,toc_uco_oc05_lev,oc05_lev,0.0,1.0,1.0,0.5,2,3,Cl3
toc_uco_oc05_lev_918,toc_uco_oc05_lev,oc05_lev,0.25,0.0,0.25,0.75,2,3,Cl3
toc_uco_oc05_lev_919,toc_uco_oc05_lev,oc05_lev,0.0,1.0,1.0,0.25,2,3,Cl3
toc_uco_oc05_lev_920,toc_uco_oc05_lev,oc05_lev,0.0,0.5,1.0,1.0,2,3,Cl3
toc_uco_oc05_lev_921,toc_uco_oc05_lev,oc05_lev,1.0,0.25,0.25,1.0,2,3,Cl3
toc_uco_oc05_lev_922,toc_uco_oc05_lev,oc05_lev,1.0,0.75,0.5,0.0,2,3,Cl3
toc_uco_oc05_lev_923,toc_uco_oc05_lev,oc05_lev,0.0,0.75,0.75,0.0,2,3,Cl3
toc_uco_oc05_lev_924,toc_uco_oc05_lev,oc05_lev,0.5,0.5,0.25,1.0,2,3,Cl3
toc_uco_oc05_lev_925,toc_uco_oc05_lev,oc05_lev,0.0,1.0,1.0,0.25,2,3,Cl3
toc_uco_oc05_lev_926,toc_uco_oc05_lev,oc05_lev,0.5,0.25,0.25,0.5,2,3,Cl3
toc_uco_oc05_lev_927,toc_uco_oc05_lev,oc05_lev,0.5,0.5,0.5,0.75,2,3,Cl3
toc_uco_oc05_lev_928,toc_uco_oc05_lev,oc05_lev,1.0,0.75,0.5,0.0,2,3,Cl3
toc_uco_oc05_lev_929,toc_uco_oc05_lev,oc05_lev,0.5,0.5,0.0,1.0,2,3,Cl3
toc_uco_oc05_lev_930,toc_uco_oc05_lev,oc05_lev,0.5,1.0,0.75,0.5,2,3,Cl3
toc_uco_oc05_lev_931,toc_uco_oc05_lev,oc05_lev,0.5,0.5,0.75,0.75,2,3,Cl3
toc_uco_oc05_lev_932,toc_uco_oc05_lev,oc05_lev,0.75,0.25,0.5,0.0,2,3,Cl3
toc_uco_oc05_lev_933,toc_uco_oc05_lev,oc05_lev,0.0,1.0,0.25,0.75,2,3,Cl3
toc_uco_oc05_lev_934,toc_uco_oc05_lev,oc05_lev,0.0,0.25,0.5,0.5,2,3,Cl3
toc_uco_oc05_lev_935,toc_uco_oc05_lev,oc05_lev,0.5,0.5,0.5,0.75,2,3,Cl3
toc_uco_oc05_lev_936,toc_uco_oc05_lev,oc05_lev,0.75,0.0,0.5,1.0,2,3,Cl3
toc_uco_oc05_lev_937,toc_uco_oc05_lev,oc05_lev,0.25,1.0,0.5,0.25,2,3,Cl3
toc_uco_oc05_lev_938,toc_uco_oc05_lev,oc05_lev,0.25,0.5,0.5,0.25,2,3,Cl3
toc_uco_oc05_lev_939,toc_uco_oc05_lev,oc05_lev,0.25,0.5,0.0,1.0,2,3,Cl3
toc_uco_oc05_lev_940,toc_uco_oc05_lev,oc05_lev,0.0,0.5,0.0,0.0,2,3,Cl3
toc_uco_oc05_lev_941,toc_uco_oc05_lev,oc05_lev,0.5,0.75,0.5,1.0,2,3,Cl3
toc_uco_oc05_lev_942,toc_uco_oc05_lev,oc05_lev,0.5,1.0,0.0,0.5,2,3,Cl3
toc_uco_oc05_lev_943,toc_uco_oc05_lev,oc05_lev,0.25,0.5,0.75,0.5,2,3,Cl3
toc_uco_oc05_lev_944,toc_uco_oc05_lev,oc05_lev,0.5,1.0,0.5,0.25,2,3,Cl3
toc_uco_oc05_lev_945,toc_uco_oc05_lev,oc05_lev,1.0,0.5,0.75,0.0,3,4,Cl4
toc_uco_oc05_lev_946,toc_uco_oc05_lev,oc05_lev,1.0,0.0,1.0,0.25,3,4,Cl4
toc_uco_oc05_lev_947,toc_uco_oc05_lev,oc05_lev,0.0,0.5,0.75,0.75,3,4,Cl4
toc_uco_oc05_lev_948,toc_uco_oc05_lev,oc05_lev,1.0,0.5,1.0,0.75,3,4,Cl4
toc_uco_oc05_lev_949,toc_uco_oc05_lev,oc05_lev,0.75,1.0,0.25,0.5,3,4,Cl4
toc_uco_oc05_lev_950,toc_uco_oc05_lev,oc05_lev,0.25,0.25,1.0,0.25,3,4,Cl4
toc_uco_oc05_lev_951,toc_uco_oc05_lev,oc05_lev,0.5,0.5,0.25,1.0,3,4,Cl4
toc_uco_oc05_lev_952,toc_uco_oc05_lev,oc05_lev,0.75,1.0,0.25,0.5,3,4,Cl4
toc_uco_oc05_lev_953,toc_uco_oc05_lev,oc05_lev,1.0,0.75,1.0,0.75,3,4,Cl4
toc_uco_oc05_lev_954,toc_uco_oc05_lev,oc05_lev,0.25,1.0,0.0,1.0,3,4,Cl4
toc_uco_oc05_lev_955,toc_uco_oc05_lev,oc05_lev,0.5,1.0,0.0,0.75,3,4,Cl4
toc_uco_oc05_lev_956,toc_uco_oc05_lev,oc05_lev,0.75,1.0,1.0,0.0,3,4,Cl4
toc_uco_oc05_lev_957,toc_uco_oc05_lev,oc05_lev,0.0,0.75,1.0,1.0,3,4,Cl4
toc_uco_oc05_lev_958,toc_uco_oc05_lev,oc05_lev,1.0,0.5,1.0,0.5,3,4,Cl4
toc_uco_oc05_lev_959,toc_uco_oc05_lev,oc05_lev,0.5,1.0,0.0,0.75,3,4,Cl4
toc_uco_oc05_lev_960,toc_uco_oc05_lev,oc05_lev,0.75,1.0,0.25,0.5,3,4,Cl4
toc_uco_oc05_lev_961,toc_uco_oc05_lev,oc05_lev,1.0,0.5,0.75,0.0,3,4,Cl4
toc_uco_oc05_lev_962,toc_uco_oc05_lev,oc05_lev,1.0,0.0,1.0,0.75,3,4,Cl4
toc_uco_oc05_lev_963,toc_uco_oc05_lev,oc05_lev,0.75,0.75,1.0,0.25,3,4,Cl4
toc_uco_oc05_lev_964,toc_uco_oc05_lev,oc05_lev,0.75,1.0,0.5,0.5,3,4,Cl4
toc_uco_oc05_lev_965,toc_uco_oc05_lev,oc05_lev,0.75,1.0,0.25,0.5,3,4,Cl4
toc_uco_oc05_lev_966,toc_uco_oc05_lev,oc05_lev,0.5,1.0,0.0,0.5,3,4,Cl4
toc_uco_oc05_lev_967,toc_uco_oc05_lev,oc05_lev,0.5,1.0,0.75,0.5,3,4,Cl4
toc_uco_oc05_lev_968,toc_uco_oc05_lev,oc05_lev,0.75,0.75,1.0,0.25,3,4,Cl4
toc_uco_oc05_lev_969,toc_uco_oc05_lev,oc05_lev,0.5,1.0,0.0,0.75,3,4,Cl4
toc_uco_oc05_lev_970,toc_uco_oc05_lev,oc05_lev,0.75,0.75,0.0,0.75,3,4,Cl4
toc_uco_oc05_lev_971,toc_uco_oc05_lev,oc05_lev,0.5,1.0,0.75,0.5,3,4,Cl4
toc_uco_oc05_lev_972,toc_uco_oc05_lev,oc05_lev,0.5,1.0,0.0,0.75,3,4,Cl4
toc_uco_oc05_lev_973,toc_uco_oc05_lev,oc05_lev,0.0,0.75,0.75,0.0,3,4,Cl4
toc_uco_oc05_lev_974,toc_uco_oc05_lev,oc05_lev,0.5,1.0,0.0,0.75,3,4,Cl4
toc_uco_oc05_lev_975,toc_uco_oc05_lev,oc05_lev,1.0,0.5,0.75,0.0,3,4,Cl4
toc_uco_oc05_lev_976,toc_uco_oc05_lev,oc05_lev,0.5,0.75,0.5,0.75,3,4,Cl4
toc_uco_oc05_lev_977,toc_uco_oc05_lev,oc05_lev,0.0,0.75,0.75,0.0,3,4,Cl4
toc_uco_oc05_lev_978,toc_uco_oc05_lev,oc05_lev,0.5,0.5,0.75,0.75,3,4,Cl4
toc_uco_oc05_lev_979,toc_uco_oc05_lev,oc05_lev,0.75,1.0,0.5,0.5,3,4,Cl4
toc_uco_oc05_lev_980,toc_uco_oc05_lev,oc05_lev,0.5,1.0,0.0,0.75,3,4,Cl4
toc_uco_oc05_lev_981,toc_uco_oc05_lev,oc05_lev,1.0,0.5,1.0,0.75,3,4,Cl4
toc_uco_oc05_lev_982,toc_uco_oc05_lev,oc05_lev,0.0,1.0,1.0,0.25,3,4,Cl4
toc_uco_oc05_lev_983,toc_uco_oc05_lev,oc05_lev,1.0,0.5,1.0,0.75,3,4,Cl4
toc_uco_oc05_lev_984,toc_uco_oc05_lev,oc05_lev,0.75,1.0,1.0,0.0,3,4,Cl4
toc_uco_oc05_lev_985,toc_uco_oc05_lev,oc05_lev,0.75,0.75,0.0,0.5,3,4,Cl4
toc_uco_oc05_lev_986,toc_uco_oc05_lev,oc05_lev,0.75,1.0,0.75,0.0,3,4,Cl4
toc_uco_oc05_lev_987,toc_uco_oc05_lev,oc05_lev,0.5,1.0,1.0,1.0,3,4,Cl4
toc_uco_oc05_lev_988,toc_uco_oc05_lev,oc05_lev,0.75,1.0,0.25,0.5,3,4,Cl4
toc_uco_oc05_lev_989,toc_uco_oc05_lev,oc05_lev,0.5,1.0,0.0,0.75,3,4,Cl4
toc_uco_oc05_lev_990,toc_uco_oc05_lev,oc05_lev,0.0,1.0,1.0,0.5,3,4,Cl4
toc_uco_oc05_lev_991,toc_uco_oc05_lev,oc05_lev,1.0,0.5,0.75,0.0,3,4,Cl4
toc_uco_oc05_lev_992,toc_uco_oc05_lev,oc05_lev,0.0,1.0,1.0,0.25,3,4,Cl4
toc_uco_oc05_lev_993,toc_uco_oc05_lev,oc05_lev,0.25,1.0,0.5,0.25,3,4,Cl4
toc_uco_oc05_lev_994,toc_uco_oc05_lev,oc05_lev,1.0,0.75,1.0,0.75,4,5,Cl5
toc_uco_oc05_lev_995,toc_uco_oc05_lev,oc05_lev,0.0,1.0,1.0,1.0,4,5,Cl5
toc_uco_oc05_lev_996,toc_uco_oc05_lev,oc05_lev,0.5,1.0,1.0,1.0,4,5,Cl5
toc_uco_oc05_lev_997,toc_uco_oc05_lev,oc05_lev,0.75,1.0,1.0,0.0,4,5,Cl5
toc_uco_oc05_lev_998,toc_uco_oc05_lev,oc05_lev,0.5,1.0,0.0,0.75,4,5,Cl5
toc_uco_oc05_lev_999,toc_uco_oc05_lev,oc05_lev,0.75,1.0,0.5,0.5,4,5,Cl5
toc_uco_oc05_lev_1000,toc_uco_oc05_lev,oc05_lev,0.25,0.0,1.0,1.0,4,5,Cl5
